Atendente;Cliente;CPF;Telefone;EspecieBeneficio;PropostaTipo;NumeroProposta;PropostaStatus;BancoDigitado;ValorContrato;ValorParcela;ValorTroco;TaxaPorc;TaxaCET;QuantidadeParcelas;BancoPortado;DataEnvioCIP;DataSaldoPago;OrigemCaptacao;Orgao;PossuiGravacao;PossuiFoto;EmRevisao;DataUltimoStatus;PossuiPendente;DataCriacaoProposta;Unnamed: 26
ALINE MARTINS FERREIRA;BEATRIZ WILLIAM TAVARES;999.000.008-00;(11) 90000-0008;42;PORTABILIDADE;658641797;SALDO PAGO;PARANA;0.0;787.39;0.0;0.0;0.0;0;BRB;2026-06-25;04/08/2026;TELEFONE RECEPTIVO;INSS;False;False;False;2026-08-04;False;2026-06-25;
ALINE MARTINS FERREIRA;CAMILA MIGUEL FERREIRA;999.000.015-00;(11) 90000-0015;42;PORTABILIDADE;658716768;INTEGRADO;PARANA;13740.81;398.0;0.0;0.0;0.0;0;INBURSA;2026-08-18;25/08/2026;TELEFONE RECEPTIVO;INSS;False;False;False;2026-08-31;False;2026-08-18;
ALINE MARTINS FERREIRA;CAMILA MIGUEL FERREIRA;999.000.015-00;(11) 90000-0015;42;REFIN DA PORTABILIDADE;858716787;INTEGRADO;PARANA;19846.19;398.0;6136.43;0.016;0.0163;108;INBURSA;2026-08-18;PORTABILIDADE NÃO CONFIRMADA;TELEFONE RECEPTIVO;INSS;True;True;False;2026-08-31;False;2026-08-31;
ALINE MARTINS FERREIRA;CECILIA MIGUEL MIRANDA;999.000.018-00;(11) 90000-0018;42;PORTABILIDADE;658654791;INTEGRADO;PARANA;23452.54;576.3;0.0;0.0;0.0;0;SANTANDER;2026-08-02;07/08/2026;TELEFONE RECEPTIVO;INSS;False;False;False;2026-08-13;False;2026-08-02;
ALINE MARTINS FERREIRA;CECILIA MIGUEL MIRANDA;999.000.018-00;(11) 90000-0018;42;REFIN DA PORTABILIDADE;858654797;INTEGRADO;PARANA;27315.81;576.3;3863.27;0.016;0.0162;96;SANTANDER;2026-08-02;PORTABILIDADE NÃO CONFIRMADA;TELEFONE RECEPTIVO;INSS;True;True;False;2026-08-18;False;2026-08-13;
ALINE MARTINS FERREIRA;CECILIA MIGUEL MIRANDA;999.000.018-00;(11) 90000-0018;42;PORTABILIDADE;658654858;INTEGRADO;PARANA;7998.81;213.8;0.0;0.0;0.0;0;MERCANTIL;2026-08-02;07/08/2026;TELEFONE RECEPTIVO;INSS;False;False;False;2026-08-17;False;2026-08-02;
ALINE MARTINS FERREIRA;CECILIA MIGUEL MIRANDA;999.000.018-00;(11) 90000-0018;42;PORTABILIDADE;658654821;INTEGRADO;PARANA;7998.81;213.8;0.0;0.0;0.0;0;MERCANTIL;2026-08-02;07/08/2026;TELEFONE RECEPTIVO;INSS;False;False;False;2026-08-17;False;2026-08-02;
ALINE MARTINS FERREIRA;CECILIA MIGUEL MIRANDA;999.000.018-00;(11) 90000-0018;42;REFIN DA PORTABILIDADE;858714213;INTEGRADO;PARANA;10169.96;213.8;2147.86;0.016;0.0162;96;MERCANTIL;2026-08-02;PORTABILIDADE NÃO CONFIRMADA;TELEFONE RECEPTIVO;INSS;True;True;False;2026-08-25;False;2026-08-17;
ALINE MARTINS FERREIRA;CECILIA MIGUEL MIRANDA;999.000.018-00;(11) 90000-0018;42;REFIN DA PORTABILIDADE;858716002;INTEGRADO;PARANA;10169.96;213.8;2147.86;0.016;0.0162;96;MERCANTIL;2026-08-02;PORTABILIDADE NÃO CONFIRMADA;TELEFONE RECEPTIVO;INSS;True;True;False;2026-08-25;False;2026-08-17;
ALINE MARTINS FERREIRA;CECILIA MIGUEL MIRANDA;999.000.018-00;(11) 90000-0018;42;PORTABILIDADE;658654740;INTEGRADO;PARANA;7244.03;169.0;0.0;0.0;0.0;0;AGIBANK;2026-08-02;07/08/2026;TELEFONE RECEPTIVO;INSS;False;False;False;2026-08-12;False;2026-08-02;
ALINE MARTINS FERREIRA;CECILIA MIGUEL MIRANDA;999.000.018-00;(11) 90000-0018;42;REFIN DA PORTABILIDADE;858654755;INTEGRADO;PARANA;8021.78;169.0;777.75;0.016;0.0161;96;AGIBANK;2026-08-02;PORTABILIDADE NÃO CONFIRMADA;TELEFONE RECEPTIVO;INSS;True;True;False;2026-08-18;False;2026-08-12;
ALINE MARTINS FERREIRA;CECILIA MIGUEL MIRANDA;999.000.018-00;(11) 90000-0018;42;PORTABILIDADE;658654762;INTEGRADO;PARANA;6620.84;149.56;0.0;0.0;0.0;0;BANCO PAULISTA;2026-08-02;07/08/2026;TELEFONE RECEPTIVO;INSS;False;False;False;2026-08-20;False;2026-08-02;
ALINE MARTINS FERREIRA;CECILIA MIGUEL MIRANDA;999.000.018-00;(11) 90000-0018;42;REFIN DA PORTABILIDADE;858729738;AGUARDANDO ORG;PARANA;7157.0;149.56;508.98;0.016;0.0161;96;BANCO PAULISTA;2026-08-02;PORTABILIDADE NÃO CONFIRMADA;TELEFONE RECEPTIVO;INSS;True;True;False;2026-08-27;False;2026-08-20;
ALINE MARTINS FERREIRA;CECILIA MIGUEL MIRANDA;999.000.018-00;(11) 90000-0018;42;PORTABILIDADE;658654844;INTEGRADO;PARANA;5766.14;141.64;0.0;0.0;0.0;0;PAN;2026-08-02;07/08/2026;TELEFONE RECEPTIVO;INSS;False;False;False;2026-08-19;False;2026-08-02;
ALINE MARTINS FERREIRA;CECILIA MIGUEL MIRANDA;999.000.018-00;(11) 90000-0018;42;REFIN DA PORTABILIDADE;858654852;INTEGRADO;PARANA;6713.6;141.64;947.46;0.016;0.0163;96;PAN;2026-08-02;PORTABILIDADE NÃO CONFIRMADA;TELEFONE RECEPTIVO;INSS;True;True;False;2026-08-25;False;2026-08-19;
ALINE MARTINS FERREIRA;CECILIA MIGUEL MIRANDA;999.000.018-00;(11) 90000-0018;42;MARGEM;858751232;AGUARDANDO ORG;PARANA;2774.84;68.5;2774.84;0.0185;0.019299999;108;NÃO INFORMADO;2026-08-30;PORTABILIDADE NÃO CONFIRMADA;TELEFONE RECEPTIVO;INSS;True;False;False;2026-08-30;False;2026-08-30;
ALINE MARTINS FERREIRA;GABRIEL AUGUSTO VIEIRA;999.000.035-00;(11) 90000-0035;42;PORTABILIDADE;658704389;INTEGRADO;PARANA;14795.5;375.71;0.0;0.0;0.0;0;NÃO INFORMADO;2026-08-14;24/08/2026;TELEFONE RECEPTIVO;INSS;False;False;False;2026-09-01;False;2026-08-14;
ALINE MARTINS FERREIRA;GABRIEL AUGUSTO VIEIRA;999.000.035-00;(11) 90000-0035;42;REFIN DA PORTABILIDADE;858704399;AGUARDANDO ORG;PARANA;18188.11;375.71;3716.07;0.016;0.0162;108;NÃO INFORMADO;2026-08-14;PORTABILIDADE NÃO CONFIRMADA;TELEFONE RECEPTIVO;INSS;False;False;False;2026-09-01;False;2026-09-01;
ALINE MARTINS FERREIRA;GABRIEL AUGUSTO VIEIRA;999.000.035-00;(11) 90000-0035;42;PORTABILIDADE;658704405;INTEGRADO;PARANA;7558.19;163.94;0.0;0.0;0.0;0;INBURSA;2026-08-14;21/08/2026;TELEFONE RECEPTIVO;INSS;False;False;False;2026-08-26;False;2026-08-14;
ALINE MARTINS FERREIRA;GABRIEL AUGUSTO VIEIRA;999.000.035-00;(11) 90000-0035;42;REFIN DA PORTABILIDADE;858704415;INTEGRADO;PARANA;8215.03;163.94;721.36;0.016;0.0161;108;INBURSA;2026-08-14;PORTABILIDADE NÃO CONFIRMADA;TELEFONE RECEPTIVO;INSS;True;True;False;2026-08-26;False;2026-08-26;
ALINE MARTINS FERREIRA;HUGO EDUARDO CORREIA;999.000.041-00;(11) 90000-0041;21;PORTABILIDADE;1620075;INTEGRADO;FINANTO;10200.09;235.17;0.0;0.0;0.0;0;C6 BANK;2026-08-17;25/08/2026;TELEFONE RECEPTIVO;INSS;False;False;False;2026-09-01;False;2026-08-17;
ALINE MARTINS FERREIRA;HUGO EDUARDO CORREIA;999.000.041-00;(11) 90000-0041;21;REFIN DA PORTABILIDADE;1660612;AGUARDANDO ORG;FINANTO;10769.21;235.16;321.8;0.0185;0.0188;108;C6 BANK;2026-08-17;PORTABILIDADE NÃO CONFIRMADA;TELEFONE RECEPTIVO;INSS;False;False;False;2026-09-01;False;2026-09-01;
ALINE MARTINS FERREIRA;KAUÃ PAULO NASCIMENTO;999.000.051-00;(11) 90000-0051;41;PORTABILIDADE;658640847;INTEGRADO;PARANA;17518.8;454.38;0.0;0.0;0.0;0;SICOOB;2026-07-24;30/07/2026;TELEFONE RECEPTIVO;INSS;False;False;False;2026-08-04;False;2026-07-24;
ALINE MARTINS FERREIRA;VANESSA EDUARDO LIMA;999.000.084-00;(11) 90000-0084;42;PORTABILIDADE;658649439;INTEGRADO;PARANA;14749.45;430.0;0.0;0.0;0.0;0;SICRED;2026-07-30;06/08/2026;TELEFONE RECEPTIVO;INSS;False;False;False;2026-08-07;False;2026-07-30;
ALINE MARTINS FERREIRA;VANESSA EDUARDO LIMA;999.000.084-00;(11) 90000-0084;42;REFIN DA PORTABILIDADE;858649446;INTEGRADO;PARANA;21228.01;430.0;6478.56;0.016;0.0163;108;SICRED;2026-07-30;PORTABILIDADE NÃO CONFIRMADA;TELEFONE RECEPTIVO;INSS;True;True;False;2026-08-10;False;2026-08-07;
ALINE MARTINS FERREIRA;VANESSA EDUARDO LIMA;999.000.084-00;(11) 90000-0084;42;PORTABILIDADE;1588857;INTEGRADO;FINANTO;2197.4;117.33;0.0;0.0;0.0;0;SICRED;2026-07-30;06/08/2026;TELEFONE RECEPTIVO;INSS;False;False;False;2026-08-10;False;2026-07-30;
ALINE MARTINS FERREIRA;VANESSA EDUARDO LIMA;999.000.084-00;(11) 90000-0084;42;REFIN DA PORTABILIDADE;1588858;INTEGRADO;FINANTO;5310.69;117.33;3007.63;0.0185;0.019299999;108;SICRED;2026-07-30;PORTABILIDADE NÃO CONFIRMADA;TELEFONE RECEPTIVO;INSS;True;True;False;2026-08-10;False;2026-08-10;
ALINE MARTINS FERREIRA;VANESSA EDUARDO LIMA;999.000.084-00;(11) 90000-0084;42;PORTABILIDADE;1588855;INTEGRADO;FINANTO;2971.7;110.47;0.0;0.0;0.0;0;PICPAY;2026-07-30;04/08/2026;TELEFONE RECEPTIVO;INSS;False;False;False;2026-08-05;False;2026-07-30;
ALINE MARTINS FERREIRA;VANESSA EDUARDO LIMA;999.000.084-00;(11) 90000-0084;42;REFIN DA PORTABILIDADE;1597499;INTEGRADO;FINANTO;4984.9;110.46;1919.24;0.0185;0.0191;108;PICPAY;2026-07-30;PORTABILIDADE NÃO CONFIRMADA;TELEFONE RECEPTIVO;INSS;True;True;False;2026-08-10;False;2026-08-05;
BRUNA CAROLINA SOARES;ADRIANO CAETANO MELO;999.000.002-00;(11) 90000-0002;42;PORTABILIDADE;658730202;SALDO PAGO;PARANA;21893.98;494.82;0.0;0.0;0.0;0;INBURSA;2026-08-24;31/08/2026;TELEFONE RECEPTIVO;INSS;False;False;False;2026-08-31;False;2026-08-24;
BRUNA CAROLINA SOARES;DANILO VICTOR MORAES;999.000.022-00;(11) 90000-0022;21;PORTABILIDADE;658707852;INTEGRADO;PARANA;8119.9;223.18;0.0;0.0;0.0;0;PINE;2026-08-17;24/08/2026;TELEFONE RECEPTIVO;INSS;False;False;False;2026-08-27;False;2026-08-17;
BRUNA CAROLINA SOARES;DANILO VICTOR MORAES;999.000.022-00;(11) 90000-0022;21;REFIN DA PORTABILIDADE;858707863;INTEGRADO;PARANA;10357.45;223.18;2538.34;0.0167;0.016900001;96;PINE;2026-08-17;PORTABILIDADE NÃO CONFIRMADA;TELEFONE RECEPTIVO;INSS;True;True;False;2026-08-27;False;2026-08-27;
BRUNA CAROLINA SOARES;DANILO VICTOR MORAES;999.000.022-00;(11) 90000-0022;21;PORTABILIDADE;658707868;INTEGRADO;PARANA;4697.8;138.0;0.0;0.0;0.0;0;PINE;2026-08-17;24/08/2026;TELEFONE RECEPTIVO;INSS;False;False;False;2026-08-25;False;2026-08-17;
BRUNA CAROLINA SOARES;DANILO VICTOR MORAES;999.000.022-00;(11) 90000-0022;21;REFIN DA PORTABILIDADE;858707875;INTEGRADO;PARANA;6111.38;138.0;1688.73;0.018;0.0182;96;PINE;2026-08-17;PORTABILIDADE NÃO CONFIRMADA;TELEFONE RECEPTIVO;INSS;True;True;False;2026-08-27;False;2026-08-25;
BRUNA CAROLINA SOARES;DEBORA DANIEL REIS;999.000.024-00;(11) 90000-0024;42;PORTABILIDADE;658663464;INTEGRADO;PARANA;17952.67;408.22;0.0;0.0;0.0;0;DAYCOVAL;2026-08-03;11/08/2026;TELEFONE RECEPTIVO;INSS;False;False;False;2026-08-18;False;2026-08-03;
BRUNA CAROLINA SOARES;DEBORA DANIEL REIS;999.000.024-00;(11) 90000-0024;42;REFIN DA PORTABILIDADE;858663487;INTEGRADO;PARANA;20114.34;408.22;2161.67;0.0162;0.0164;108;DAYCOVAL;2026-08-03;PORTABILIDADE NÃO CONFIRMADA;TELEFONE RECEPTIVO;INSS;True;True;False;2026-08-21;False;2026-08-18;
BRUNA CAROLINA SOARES;ISABELA WILLIAM MORAES;999.000.044-00;(11) 90000-0044;21;PORTABILIDADE;658701903;INTEGRADO;PARANA;36475.79;819.3;0.0;0.0;0.0;0;INBURSA;2026-08-13;20/08/2026;TELEFONE RECEPTIVO;INSS;False;False;False;2026-08-25;False;2026-08-13;
BRUNA CAROLINA SOARES;ISABELA WILLIAM MORAES;999.000.044-00;(11) 90000-0044;21;REFIN DA PORTABILIDADE;858701911;INTEGRADO;PARANA;39371.92;819.27;297.19;0.016;0.016;96;INBURSA;2026-08-13;PORTABILIDADE NÃO CONFIRMADA;TELEFONE RECEPTIVO;INSS;True;True;False;2026-08-25;False;2026-08-25;
BRUNA CAROLINA SOARES;JESSICA WILLIAM SANTOS;999.000.046-00;(11) 90000-0046;42;PORTABILIDADE;658698847;INTEGRADO;PARANA;46636.64;1160.67;0.0;0.0;0.0;0;PICPAY;2026-08-13;20/08/2026;TELEFONE RECEPTIVO;INSS;False;False;False;2026-08-24;False;2026-08-13;
BRUNA CAROLINA SOARES;JESSICA WILLIAM SANTOS;999.000.046-00;(11) 90000-0046;42;REFIN DA PORTABILIDADE;858698858;INTEGRADO;PARANA;57923.26;1160.67;11567.61;0.016;0.0162;108;PICPAY;2026-08-13;PORTABILIDADE NÃO CONFIRMADA;TELEFONE RECEPTIVO;INSS;True;True;False;2026-08-25;False;2026-08-24;
BRUNA CAROLINA SOARES;JESSICA WILLIAM SANTOS;999.000.046-00;(11) 90000-0046;42;PORTABILIDADE;658698873;INTEGRADO;PARANA;8430.55;189.98;0.0;0.0;0.0;0;PICPAY;2026-08-13;20/08/2026;TELEFONE RECEPTIVO;INSS;False;False;False;2026-08-24;False;2026-08-13;
BRUNA CAROLINA SOARES;JESSICA WILLIAM SANTOS;999.000.046-00;(11) 90000-0046;42;REFIN DA PORTABILIDADE;858698879;INTEGRADO;PARANA;9222.92;189.98;350.9;0.0168;0.016900001;108;PICPAY;2026-08-13;PORTABILIDADE NÃO CONFIRMADA;TELEFONE RECEPTIVO;INSS;True;True;False;2026-08-25;False;2026-08-24;
BRUNA CAROLINA SOARES;PEDRO FERNANDO DIAS;999.000.069-00;(11) 90000-0069;42;PORTABILIDADE;658712914;INTEGRADO;PARANA;74339.2;1627.42;0.0;0.0;0.0;0;INBURSA;2026-08-17;24/08/2026;TELEFONE RECEPTIVO;INSS;False;False;False;2026-08-28;False;2026-08-17;
BRUNA CAROLINA SOARES;PEDRO FERNANDO DIAS;999.000.069-00;(11) 90000-0069;42;REFIN DA PORTABILIDADE;858712937;INTEGRADO;PARANA;81864.54;1627.39;1346.72;0.0214;0.0161;108;INBURSA;2026-08-17;PORTABILIDADE NÃO CONFIRMADA;TELEFONE RECEPTIVO;INSS;True;True;False;2026-08-28;False;2026-08-28;
BRUNA CAROLINA SOARES;RAQUEL EDUARDO TEIXEIRA;999.000.072-00;(11) 90000-0072;42;MARGEM;858667610;INTEGRADO;PARANA;4757.67;110.97;4757.67;0.0185;0.019299999;108;NÃO INFORMADO;2026-08-04;PORTABILIDADE NÃO CONFIRMADA;TELEFONE RECEPTIVO;INSS;True;True;False;2026-08-06;False;2026-08-04;
BRUNA CAROLINA SOARES;RAUL LUCAS LOPES;999.000.073-00;(11) 90000-0073;21;PORTABILIDADE;658721028;INTEGRADO;PARANA;62534.1;1350.0;0.0;0.0;0.0;0;PINE;2026-08-20;28/08/2026;TELEFONE RECEPTIVO;INSS;False;False;False;2026-09-01;False;2026-08-20;
BRUNA CAROLINA SOARES;RAUL LUCAS LOPES;999.000.073-00;(11) 90000-0073;21;REFIN DA PORTABILIDADE;858721041;AGUARDANDO ORG;PARANA;67965.33;1350.0;3919.02;0.016;0.016;108;PINE;2026-08-20;PORTABILIDADE NÃO CONFIRMADA;TELEFONE RECEPTIVO;INSS;False;False;False;2026-09-01;False;2026-09-01;
BRUNA CAROLINA SOARES;TATIANA DANIEL VIEIRA;999.000.079-00;(11) 90000-0079;21;PORTABILIDADE;658718056;INTEGRADO;PARANA;46538.3;1051.8;0.0;0.0;0.0;0;INBURSA;2026-08-19;26/08/2026;TELEFONE RECEPTIVO;INSS;False;False;False;2026-08-28;False;2026-08-19;
BRUNA CAROLINA SOARES;TATIANA DANIEL VIEIRA;999.000.079-00;(11) 90000-0079;21;REFIN DA PORTABILIDADE;858718068;INTEGRADO;PARANA;52914.23;1051.8;2461.56;0.016;0.016;108;INBURSA;2026-08-19;PORTABILIDADE NÃO CONFIRMADA;TELEFONE RECEPTIVO;INSS;True;True;False;2026-09-01;False;2026-08-28;
CAMILA EDUARDA RIBEIRO;AMANDA MIGUEL MARTINS;999.000.005-00;(11) 90000-0005;41;PORTABILIDADE;658649337;INTEGRADO;PARANA;46678.27;1165.0;0.0;0.0;0.0;0;QI;2026-07-28;06/08/2026;TELEFONE RECEPTIVO;INSS;False;False;False;2026-08-07;False;2026-07-28;
CAMILA EDUARDA RIBEIRO;AMANDA MIGUEL MARTINS;999.000.005-00;(11) 90000-0005;41;REFIN DA PORTABILIDADE;858649340;INTEGRADO;PARANA;55931.83;1165.0;9253.56;0.016;0.0161;108;QI;2026-07-28;PORTABILIDADE NÃO CONFIRMADA;TELEFONE RECEPTIVO;INSS;True;True;False;2026-08-07;False;2026-08-07;
CAMILA EDUARDA RIBEIRO;BRUNA EDUARDO DIAS;999.000.012-00;(11) 90000-0012;21;PORTABILIDADE;658724942;SALDO PAGO;PARANA;24080.74;522.32;0.0;0.0;0.0;0;AGIBANK;2026-08-21;27/08/2026;TELEFONE RECEPTIVO;INSS;False;False;False;2026-08-27;False;2026-08-21;
CAMILA EDUARDA RIBEIRO;BRUNA EDUARDO DIAS;999.000.012-00;(11) 90000-0012;21;PORTABILIDADE;658724973;SALDO PAGO;PARANA;17475.04;379.04;0.0;0.0;0.0;0;AGIBANK;2026-08-21;27/08/2026;TELEFONE RECEPTIVO;INSS;False;False;False;2026-08-27;False;2026-08-21;
CAMILA EDUARDA RIBEIRO;BRUNA EDUARDO DIAS;999.000.012-00;(11) 90000-0012;21;MARGEM;122849864;INTEGRADO;FACTA;2462.21;56.03;2462.21;0.0185;0.0185;108;NÃO INFORMADO;2026-08-10;PORTABILIDADE NÃO CONFIRMADA;TELEFONE RECEPTIVO;INSS;True;True;False;2026-08-21;False;2026-08-10;
CAMILA EDUARDA RIBEIRO;DAVI MIGUEL NUNES;999.000.023-00;(11) 90000-0023;46;MARGEM;858756288;AGUARDANDO ORG;PARANA;24426.07;549.54;24426.07;0.0185;0.019299999;108;NÃO INFORMADO;2026-08-31;PORTABILIDADE NÃO CONFIRMADA;TELEFONE RECEPTIVO;INSS;True;False;False;2026-08-31;False;2026-08-31;
CAMILA EDUARDA RIBEIRO;EMANUELA WILLIAM PEREIRA;999.000.027-00;(11) 90000-0027;21;PORTABILIDADE;658651393;INTEGRADO;PARANA;0.0;441.76;0.0;0.0;0.0;0;DAYCOVAL;2026-07-24;04/08/2026;TELEFONE RECEPTIVO;INSS;False;False;False;2026-08-06;False;2026-07-24;
CAMILA EDUARDA RIBEIRO;EMANUELA WILLIAM PEREIRA;999.000.027-00;(11) 90000-0027;21;REFIN DA PORTABILIDADE;858651406;INTEGRADO;PARANA;22269.25;441.76;2764.79;0.016;0.0161;108;DAYCOVAL;2026-07-24;PORTABILIDADE NÃO CONFIRMADA;TELEFONE RECEPTIVO;INSS;True;True;True;2026-08-10;False;2026-08-06;
CAMILA EDUARDA RIBEIRO;ENZO VICTOR RIBEIRO;999.000.028-00;(11) 90000-0028;21;PORTABILIDADE;658712767;SALDO PAGO;PARANA;26930.61;580.31;0.0;0.0;0.0;0;INBURSA;2026-08-17;24/08/2026;TELEFONE RECEPTIVO;INSS;False;False;False;2026-08-24;False;2026-08-17;
CAMILA EDUARDA RIBEIRO;ENZO VICTOR RIBEIRO;999.000.028-00;(11) 90000-0028;21;PORTABILIDADE;1621388;INTEGRADO;FINANTO;2949.71;75.69;0.0;0.0;0.0;0;C6 BANK;2026-08-17;24/08/2026;TELEFONE RECEPTIVO;INSS;False;False;False;2026-08-28;False;2026-08-17;
CAMILA EDUARDA RIBEIRO;ENZO VICTOR RIBEIRO;999.000.028-00;(11) 90000-0028;21;REFIN DA PORTABILIDADE;1653383;INTEGRADO;FINANTO;3459.44;75.68;593.64;0.0185;0.0189;108;C6 BANK;2026-08-17;PORTABILIDADE NÃO CONFIRMADA;TELEFONE RECEPTIVO;INSS;True;True;False;2026-08-28;False;2026-08-28;
CAMILA EDUARDA RIBEIRO;FERNANDA EDUARDO SOUZA;999.000.033-00;(11) 90000-0033;21;PORTABILIDADE;658675287;INTEGRADO;PARANA;29030.93;630.91;0.0;0.0;0.0;0;ITAU;2026-08-05;13/08/2026;TELEFONE RECEPTIVO;INSS;False;False;False;2026-08-17;False;2026-08-05;
CAMILA EDUARDA RIBEIRO;FERNANDA EDUARDO SOUZA;999.000.033-00;(11) 90000-0033;21;REFIN DA PORTABILIDADE;858675304;INTEGRADO;PARANA;31490.74;630.91;2459.81;0.016;0.0161;108;ITAU;2026-08-05;PORTABILIDADE NÃO CONFIRMADA;TELEFONE RECEPTIVO;INSS;True;True;False;2026-08-19;False;2026-08-17;
CAMILA EDUARDA RIBEIRO;FERNANDA EDUARDO SOUZA;999.000.033-00;(11) 90000-0033;21;MARGEM;2456789;INTEGRADO;QUALIBANKING;1532.85;35.15;1532.85;0.0185;0.0197;108;NÃO INFORMADO;2026-08-05;PORTABILIDADE NÃO CONFIRMADA;TELEFONE RECEPTIVO;INSS;True;True;False;2026-08-13;False;2026-08-05;
CAMILA EDUARDA RIBEIRO;GEOVANA MIGUEL GOMES;999.000.037-00;(11) 90000-0037;21;PORTABILIDADE;658623699;INTEGRADO;PARANA;3943.02;142.55;0.0;0.0;0.0;0;INBURSA;2026-07-03;10/07/2026;TELEFONE RECEPTIVO;INSS;False;False;False;2026-08-04;False;2026-07-03;
CAMILA EDUARDA RIBEIRO;JULIANO PAULO GOMES;999.000.049-00;(11) 90000-0049;21;PORTABILIDADE;832464320;INTEGRADO;DAYCOVAL;7942.12;221.07;0.0;0.0;0.0;0;INBURSA;2026-06-26;08/07/2026;TELEFONE RECEPTIVO;INSS;False;False;False;2026-08-07;False;2026-06-26;
CAMILA EDUARDA RIBEIRO;LETICIA MIGUEL COSTA;999.000.055-00;(11) 90000-0055;41;PORTABILIDADE;658705617;INTEGRADO;PARANA;21503.4;1153.21;0.0;0.0;0.0;0;CREFISA;2026-08-14;21/08/2026;TELEFONE RECEPTIVO;INSS;False;False;False;2026-08-24;False;2026-08-14;
CAMILA EDUARDA RIBEIRO;LETICIA MIGUEL COSTA;999.000.055-00;(11) 90000-0055;41;REFIN DA PORTABILIDADE;858705668;INTEGRADO;PARANA;50809.18;1153.21;28747.27;0.0162;0.0168;84;CREFISA;2026-08-14;PORTABILIDADE NÃO CONFIRMADA;TELEFONE RECEPTIVO;INSS;True;True;False;2026-08-24;False;2026-08-24;
CAMILA EDUARDA RIBEIRO;LETICIA MIGUEL COSTA;999.000.055-00;(11) 90000-0055;41;PORTABILIDADE;658705683;INTEGRADO;PARANA;18998.0;461.3;0.0;0.0;0.0;0;NUBANK;2026-08-14;21/08/2026;TELEFONE RECEPTIVO;INSS;False;False;False;2026-08-24;False;2026-08-14;
CAMILA EDUARDA RIBEIRO;LETICIA MIGUEL COSTA;999.000.055-00;(11) 90000-0055;41;REFIN DA PORTABILIDADE;858705701;INTEGRADO;PARANA;19725.35;461.3;176.65;0.0176;0.0177;84;NUBANK;2026-08-14;PORTABILIDADE NÃO CONFIRMADA;TELEFONE RECEPTIVO;INSS;True;True;False;2026-08-24;False;2026-08-24;
CAMILA EDUARDA RIBEIRO;RENAN LUCAS CARVALHO;999.000.074-00;(11) 90000-0074;41;PORTABILIDADE;658644770;INTEGRADO;PARANA;18964.48;500.0;0.0;0.0;0.0;0;PINE;2026-07-28;06/08/2026;TELEFONE RECEPTIVO;INSS;False;False;False;2026-08-06;False;2026-07-28;
CAMILA EDUARDA RIBEIRO;RENAN LUCAS CARVALHO;999.000.074-00;(11) 90000-0074;41;REFIN DA PORTABILIDADE;858644784;INTEGRADO;PARANA;24572.79;500.0;5808.33;0.0161;0.0163;108;PINE;2026-07-28;PORTABILIDADE NÃO CONFIRMADA;TELEFONE RECEPTIVO;INSS;True;True;False;2026-08-10;False;2026-08-06;
CAMILA EDUARDA RIBEIRO;TIAGO DANIEL RAMOS;999.000.081-00;(11) 90000-0081;41;PORTABILIDADE;658668788;INTEGRADO;PARANA;15345.35;422.88;0.0;0.0;0.0;0;INBURSA;2026-08-04;11/08/2026;TELEFONE RECEPTIVO;INSS;False;False;False;2026-08-13;False;2026-08-04;
CAMILA EDUARDA RIBEIRO;TIAGO DANIEL RAMOS;999.000.081-00;(11) 90000-0081;41;REFIN DA PORTABILIDADE;858668823;INTEGRADO;PARANA;20027.1;422.88;4681.75;0.016;0.0162;96;INBURSA;2026-08-04;PORTABILIDADE NÃO CONFIRMADA;TELEFONE RECEPTIVO;INSS;True;True;False;2026-08-13;False;2026-08-13;
CAMILA EDUARDA RIBEIRO;URIEL SILVIO PACHECO;999.000.082-00;(11) 90000-0082;42;PORTABILIDADE;658690179;INTEGRADO;PARANA;19685.67;494.82;0.0;0.0;0.0;0;PINE;2026-08-11;18/08/2026;TELEFONE RECEPTIVO;INSS;False;False;False;2026-08-20;False;2026-08-11;
CAMILA EDUARDA RIBEIRO;URIEL SILVIO PACHECO;999.000.082-00;(11) 90000-0082;42;REFIN DA PORTABILIDADE;858690199;INTEGRADO;PARANA;24676.87;494.82;4640.77;0.016;0.0162;108;PINE;2026-08-11;PORTABILIDADE NÃO CONFIRMADA;TELEFONE RECEPTIVO;INSS;True;True;False;2026-08-24;False;2026-08-20;
CAMILA EDUARDA RIBEIRO;URIEL SILVIO PACHECO;999.000.082-00;(11) 90000-0082;42;PORTABILIDADE;658690243;INTEGRADO;PARANA;6014.06;151.17;0.0;0.0;0.0;0;PINE;2026-08-11;18/08/2026;TELEFONE RECEPTIVO;INSS;False;False;False;2026-08-20;False;2026-08-11;
CAMILA EDUARDA RIBEIRO;URIEL SILVIO PACHECO;999.000.082-00;(11) 90000-0082;42;REFIN DA PORTABILIDADE;858690254;INTEGRADO;PARANA;7532.96;151.17;1603.25;0.016;0.0162;108;PINE;2026-08-11;PORTABILIDADE NÃO CONFIRMADA;TELEFONE RECEPTIVO;INSS;True;True;False;2026-08-24;False;2026-08-20;
CAMILA EDUARDA RIBEIRO;URIEL SILVIO PACHECO;999.000.082-00;(11) 90000-0082;42;PORTABILIDADE;658690264;INTEGRADO;PARANA;5696.19;143.18;0.0;0.0;0.0;0;PINE;2026-08-11;18/08/2026;TELEFONE RECEPTIVO;INSS;False;False;False;2026-08-19;False;2026-08-11;
CAMILA EDUARDA RIBEIRO;URIEL SILVIO PACHECO;999.000.082-00;(11) 90000-0082;42;REFIN DA PORTABILIDADE;858690272;INTEGRADO;PARANA;6973.31;143.18;1513.73;0.0165;0.0167;108;PINE;2026-08-11;PORTABILIDADE NÃO CONFIRMADA;TELEFONE RECEPTIVO;INSS;True;True;False;2026-08-24;False;2026-08-19;
CAMILA EDUARDA RIBEIRO;URIEL SILVIO PACHECO;999.000.082-00;(11) 90000-0082;42;PORTABILIDADE;658690217;INTEGRADO;PARANA;5171.85;130.0;0.0;0.0;0.0;0;PINE;2026-08-11;18/08/2026;TELEFONE RECEPTIVO;INSS;False;False;False;2026-08-19;False;2026-08-11;
CAMILA EDUARDA RIBEIRO;URIEL SILVIO PACHECO;999.000.082-00;(11) 90000-0082;42;REFIN DA PORTABILIDADE;858690229;INTEGRADO;PARANA;6479.87;130.0;1321.68;0.016;0.0162;108;PINE;2026-08-11;PORTABILIDADE NÃO CONFIRMADA;TELEFONE RECEPTIVO;INSS;True;True;False;2026-08-24;False;2026-08-19;
DANIELA CRISTINA MORAES;BRUNO MIGUEL CAMPOS;999.000.013-00;(11) 90000-0013;41;PORTABILIDADE;658700097;INTEGRADO;PARANA;14843.5;385.2;0.0;0.0;0.0;0;SANTANDER;2026-08-13;20/08/2026;TELEFONE RECEPTIVO;INSS;False;False;False;2026-08-21;False;2026-08-13;
DANIELA CRISTINA MORAES;BRUNO MIGUEL CAMPOS;999.000.013-00;(11) 90000-0013;41;REFIN DA PORTABILIDADE;858700110;INTEGRADO;PARANA;18950.62;385.2;4023.05;0.0163;0.0165;108;SANTANDER;2026-08-13;PORTABILIDADE NÃO CONFIRMADA;TELEFONE RECEPTIVO;INSS;True;True;False;2026-08-24;False;2026-08-21;
DANIELA CRISTINA MORAES;BRUNO MIGUEL CAMPOS;999.000.013-00;(11) 90000-0013;41;PORTABILIDADE;1611824;INTEGRADO;FINANTO;2429.82;76.8;0.0;0.0;0.0;0;SANTANDER;2026-08-13;20/08/2026;TELEFONE RECEPTIVO;INSS;False;False;False;2026-08-24;False;2026-08-13;
DANIELA CRISTINA MORAES;BRUNO MIGUEL CAMPOS;999.000.013-00;(11) 90000-0013;41;REFIN DA PORTABILIDADE;1611825;INTEGRADO;FINANTO;3478.15;76.79;1036.36;0.0185;0.019;108;SANTANDER;2026-08-13;PORTABILIDADE NÃO CONFIRMADA;TELEFONE RECEPTIVO;INSS;True;True;False;2026-08-24;False;2026-08-24;
DANIELA CRISTINA MORAES;CAROLINA DANIEL MOREIRA;999.000.016-00;(11) 90000-0016;42;PORTABILIDADE;658685162;INTEGRADO;PARANA;16483.77;393.0;0.0;0.0;0.0;0;SICRED;2026-08-11;17/08/2026;TELEFONE RECEPTIVO;INSS;False;False;False;2026-08-18;False;2026-08-11;
DANIELA CRISTINA MORAES;CAROLINA DANIEL MOREIRA;999.000.016-00;(11) 90000-0016;42;REFIN DA PORTABILIDADE;858685175;INTEGRADO;PARANA;19606.63;393.0;3122.86;0.016;0.0161;108;SICRED;2026-08-11;PORTABILIDADE NÃO CONFIRMADA;TELEFONE RECEPTIVO;INSS;True;True;True;2026-08-19;False;2026-08-18;
DANIELA CRISTINA MORAES;CAROLINA DANIEL MOREIRA;999.000.016-00;(11) 90000-0016;42;MARGEM;858685220;INTEGRADO;PARANA;5169.04;117.84;5169.04;0.0185;0.019299999;108;NÃO INFORMADO;2026-08-10;PORTABILIDADE NÃO CONFIRMADA;TELEFONE RECEPTIVO;INSS;True;True;False;2026-08-13;False;2026-08-10;
DANIELA CRISTINA MORAES;CESAR VICTOR FERREIRA;999.000.019-00;(11) 90000-0019;57;PORTABILIDADE;658687760;INTEGRADO;PARANA;16986.17;456.1;0.0;0.0;0.0;0;FACTA;2026-08-11;14/08/2026;TELEFONE RECEPTIVO;INSS;False;False;False;2026-08-28;False;2026-08-11;
DANIELA CRISTINA MORAES;CESAR VICTOR FERREIRA;999.000.019-00;(11) 90000-0019;57;REFIN DA PORTABILIDADE;858687778;INTEGRADO;PARANA;22585.72;456.1;5599.55;0.0162;0.0165;108;FACTA;2026-08-11;PORTABILIDADE NÃO CONFIRMADA;TELEFONE RECEPTIVO;INSS;True;True;True;2026-08-28;False;2026-08-28;
DANIELA CRISTINA MORAES;CESAR VICTOR FERREIRA;999.000.019-00;(11) 90000-0019;57;PORTABILIDADE;658694360;INTEGRADO;PARANA;18095.04;386.1;0.0;0.0;0.0;0;DAYCOVAL;2026-08-11;13/08/2026;TELEFONE RECEPTIVO;INSS;False;False;False;2026-08-17;False;2026-08-11;
DANIELA CRISTINA MORAES;CESAR VICTOR FERREIRA;999.000.019-00;(11) 90000-0019;57;REFIN DA PORTABILIDADE;858694364;INTEGRADO;PARANA;19291.66;386.1;1196.62;0.016;0.0161;108;DAYCOVAL;2026-08-11;PORTABILIDADE NÃO CONFIRMADA;TELEFONE RECEPTIVO;INSS;True;True;False;2026-08-17;False;2026-08-17;
DANIELA CRISTINA MORAES;FABIO TOMÁS SANTOS;999.000.031-00;(11) 90000-0031;21;PORTABILIDADE;658684655;INTEGRADO;PARANA;20810.75;531.3;0.0;0.0;0.0;0;PINE;2026-08-02;17/08/2026;TELEFONE RECEPTIVO;INSS;False;False;False;2026-08-18;False;2026-08-02;
DANIELA CRISTINA MORAES;FABIO TOMÁS SANTOS;999.000.031-00;(11) 90000-0031;21;REFIN DA PORTABILIDADE;858684672;INTEGRADO;PARANA;24985.76;531.3;4175.01;0.0174;0.0176;108;PINE;2026-08-02;PORTABILIDADE NÃO CONFIRMADA;TELEFONE RECEPTIVO;INSS;True;True;False;2026-08-19;False;2026-08-18;
DANIELA CRISTINA MORAES;IGOR HENRIQUE CASTRO;999.000.042-00;(11) 90000-0042;42;REFIN DA PORTABILIDADE;1596230;AGUARDANDO ORG;FINANTO;2483.81;54.45;971.98;0.0183;0.0189;108;SAFRA;2026-07-17;PORTABILIDADE NÃO CONFIRMADA;TELEFONE RECEPTIVO;INSS;False;False;False;2026-07-30;False;2026-07-30;
DANIELA CRISTINA MORAES;IVANA DANIEL NUNES;999.000.045-00;(11) 90000-0045;21;PORTABILIDADE;658698457;INTEGRADO;PARANA;20432.98;415.11;0.0;0.0;0.0;0;INBURSA;2026-08-12;19/08/2026;TELEFONE RECEPTIVO;INSS;False;False;False;2026-08-21;False;2026-08-12;
DANIELA CRISTINA MORAES;IVANA DANIEL NUNES;999.000.045-00;(11) 90000-0045;21;REFIN DA PORTABILIDADE;858698487;INTEGRADO;PARANA;20824.98;415.11;392.0;0.016;0.016;108;INBURSA;2026-08-12;PORTABILIDADE NÃO CONFIRMADA;TELEFONE RECEPTIVO;INSS;True;True;False;2026-08-26;False;2026-08-21;
DANIELA CRISTINA MORAES;KARINA EDUARDO ARAUJO;999.000.050-00;(11) 90000-0050;21;PORTABILIDADE;658610908;INTEGRADO;PARANA;0.0;596.37;0.0;0.0;0.0;0;FACTA;2026-07-14;29/07/2026;TELEFONE RECEPTIVO;INSS;False;False;False;2026-08-04;False;2026-07-14;
DANIELA CRISTINA MORAES;KARINA EDUARDO ARAUJO;999.000.050-00;(11) 90000-0050;21;PORTABILIDADE;658653359;INTEGRADO;PARANA;6930.64;179.68;0.0;0.0;0.0;0;FACTA;2026-07-14;06/08/2026;TELEFONE RECEPTIVO;INSS;False;False;False;2026-08-14;False;2026-07-14;
DANIELA CRISTINA MORAES;KARINA EDUARDO ARAUJO;999.000.050-00;(11) 90000-0050;21;REFIN DA PORTABILIDADE;858653368;INTEGRADO;PARANA;8617.85;179.68;1687.21;0.016;0.0161;108;FACTA;2026-07-14;PORTABILIDADE NÃO CONFIRMADA;TELEFONE RECEPTIVO;INSS;True;True;False;2026-08-14;False;2026-08-14;
DANIELA CRISTINA MORAES;KARINA EDUARDO ARAUJO;999.000.050-00;(11) 90000-0050;21;PORTABILIDADE;658653851;INTEGRADO;PARANA;0.0;173.78;0.0;0.0;0.0;0;FACTA;2026-07-14;10/08/2026;TELEFONE RECEPTIVO;INSS;False;False;False;2026-08-11;False;2026-07-14;
DANIELA CRISTINA MORAES;KARINA EDUARDO ARAUJO;999.000.050-00;(11) 90000-0050;21;REFIN DA PORTABILIDADE;858653855;INTEGRADO;PARANA;8073.91;173.78;1837.07;0.0167;0.016900001;108;FACTA;2026-07-14;PORTABILIDADE NÃO CONFIRMADA;TELEFONE RECEPTIVO;INSS;True;True;False;2026-08-14;False;2026-08-11;
DANIELA CRISTINA MORAES;KARINA EDUARDO ARAUJO;999.000.050-00;(11) 90000-0050;21;PORTABILIDADE;658653377;INTEGRADO;PARANA;5460.65;141.57;0.0;0.0;0.0;0;FACTA;2026-07-14;06/08/2026;TELEFONE RECEPTIVO;INSS;False;False;False;2026-08-14;False;2026-07-14;
DANIELA CRISTINA MORAES;KARINA EDUARDO ARAUJO;999.000.050-00;(11) 90000-0050;21;REFIN DA PORTABILIDADE;858653382;INTEGRADO;PARANA;6790.0;141.57;1329.35;0.016;0.0162;108;FACTA;2026-07-14;PORTABILIDADE NÃO CONFIRMADA;TELEFONE RECEPTIVO;INSS;True;True;False;2026-08-14;False;2026-08-14;
DANIELA CRISTINA MORAES;KELVIN ANTÔNIO MONTEIRO;999.000.052-00;(11) 90000-0052;32;PORTABILIDADE;2429268;INTEGRADO;QUALIBANKING;16531.49;424.2;0.0;0.0;0.0;0;NÃO INFORMADO;2026-07-24;30/07/2026;TELEFONE RECEPTIVO;INSS;False;False;False;2026-08-04;False;2026-07-24;
DANIELA CRISTINA MORAES;NOAH WILLIAM ALVES;999.000.064-00;(11) 90000-0064;32;MARGEM;858729934;INTEGRADO;PARANA;13094.51;308.0;13094.51;0.0185;0.0194;108;NÃO INFORMADO;2026-08-21;PORTABILIDADE NÃO CONFIRMADA;TELEFONE RECEPTIVO;INSS;True;True;False;2026-08-24;False;2026-08-21;
DANIELA CRISTINA MORAES;OTÁVIO BENEDITO ALMEIDA;999.000.067-00;(11) 90000-0067;21;PORTABILIDADE;1592842;INTEGRADO;FINANTO;19192.14;476.7;0.0;0.0;0.0;0;C6 BANK;2026-08-03;11/08/2026;TELEFONE RECEPTIVO;INSS;False;False;False;2026-08-14;False;2026-08-03;
DANIELA CRISTINA MORAES;OTÁVIO BENEDITO ALMEIDA;999.000.067-00;(11) 90000-0067;21;REFIN DA PORTABILIDADE;1611120;INTEGRADO;FINANTO;21744.86;476.69;2447.83;0.0183;0.0187;108;C6 BANK;2026-08-03;PORTABILIDADE NÃO CONFIRMADA;TELEFONE RECEPTIVO;INSS;True;True;False;2026-08-14;False;2026-08-14;
DANIELA CRISTINA MORAES;OTÁVIO BENEDITO ALMEIDA;999.000.067-00;(11) 90000-0067;21;PORTABILIDADE;1592849;INTEGRADO;FINANTO;1360.67;91.91;0.0;0.0;0.0;0;SANTANDER;2026-08-03;10/08/2026;TELEFONE RECEPTIVO;INSS;False;False;False;2026-08-13;False;2026-08-03;
DANIELA CRISTINA MORAES;OTÁVIO BENEDITO ALMEIDA;999.000.067-00;(11) 90000-0067;21;REFIN DA PORTABILIDADE;1592850;INTEGRADO;FINANTO;4165.09;91.9;2705.16;0.0185;0.0194;108;SANTANDER;2026-08-03;PORTABILIDADE NÃO CONFIRMADA;TELEFONE RECEPTIVO;INSS;True;True;False;2026-08-14;False;2026-08-13;
DANIELA CRISTINA MORAES;SANDRO RODRIGO MOREIRA;999.000.077-00;(11) 90000-0077;46;PORTABILIDADE;658650538;INTEGRADO;PARANA;25956.06;610.34;0.0;0.0;0.0;0;DAYCOVAL;2026-08-02;07/08/2026;TELEFONE RECEPTIVO;INSS;False;False;False;2026-08-12;False;2026-08-02;
DANIELA CRISTINA MORAES;SANDRO RODRIGO MOREIRA;999.000.077-00;(11) 90000-0077;46;REFIN DA PORTABILIDADE;858710482;INTEGRADO;PARANA;30460.72;610.34;4433.5;0.016;0.0161;108;DAYCOVAL;2026-08-02;PORTABILIDADE NÃO CONFIRMADA;TELEFONE RECEPTIVO;INSS;True;True;False;2026-08-20;False;2026-08-12;
DANIELA CRISTINA MORAES;SANDRO RODRIGO MOREIRA;999.000.077-00;(11) 90000-0077;46;MARGEM;858759364;AGUARDANDO ORG;PARANA;9976.4;224.45;9976.4;0.0185;0.0226;108;NÃO INFORMADO;2026-08-31;PORTABILIDADE NÃO CONFIRMADA;TELEFONE RECEPTIVO;INSS;True;False;False;2026-08-31;False;2026-08-31;
DANIELA CRISTINA MORAES;SANDRO RODRIGO MOREIRA;999.000.077-00;(11) 90000-0077;46;SAQUE COMPLEMENTAR;6009584;AGUARDANDO ORG;DAYCOVAL;2137.0;60.52;2137.0;0.024600001;0.024600001;99;NÃO INFORMADO;2026-08-24;PORTABILIDADE NÃO CONFIRMADA;TELEFONE RECEPTIVO;INSS;True;False;False;2026-08-24;False;2026-08-24;
DANIELA CRISTINA MORAES;SANDRO RODRIGO MOREIRA;999.000.077-00;(11) 90000-0077;46;PORTABILIDADE;1589386;INTEGRADO;FINANTO;1733.32;54.38;0.0;0.0;0.0;0;DAYCOVAL;2026-08-02;19/08/2026;TELEFONE RECEPTIVO;INSS;False;False;False;2026-08-24;False;2026-08-02;
DANIELA CRISTINA MORAES;SANDRO RODRIGO MOREIRA;999.000.077-00;(11) 90000-0077;46;REFIN DA PORTABILIDADE;1604698;INTEGRADO;FINANTO;2483.16;54.37;718.78;0.0183;0.0188;108;DAYCOVAL;2026-08-02;PORTABILIDADE NÃO CONFIRMADA;TELEFONE RECEPTIVO;INSS;True;True;False;2026-08-24;False;2026-08-24;
DANIELA CRISTINA MORAES;SANDRO RODRIGO MOREIRA;999.000.077-00;(11) 90000-0077;46;PORTABILIDADE;1589382;INTEGRADO;FINANTO;2023.05;52.49;0.0;0.0;0.0;0;C6 BANK;2026-08-02;19/08/2026;TELEFONE RECEPTIVO;INSS;False;False;False;2026-08-24;False;2026-08-02;
DANIELA CRISTINA MORAES;SANDRO RODRIGO MOREIRA;999.000.077-00;(11) 90000-0077;46;REFIN DA PORTABILIDADE;1634920;INTEGRADO;FINANTO;2409.92;52.48;371.86;0.0183;0.0187;108;C6 BANK;2026-08-02;PORTABILIDADE NÃO CONFIRMADA;TELEFONE RECEPTIVO;INSS;True;True;False;2026-08-24;False;2026-08-24;
DANIELA CRISTINA MORAES;SERGIO RODRIGO FREITAS;999.000.078-00;(11) 90000-0078;41;PORTABILIDADE;658647658;INTEGRADO;PARANA;25615.21;652.82;0.0;0.0;0.0;0;FACTA;2026-07-21;28/07/2026;TELEFONE RECEPTIVO;INSS;False;False;False;2026-08-07;False;2026-07-21;
DANIELA CRISTINA MORAES;SERGIO RODRIGO FREITAS;999.000.078-00;(11) 90000-0078;41;MARGEM;858759367;AGUARDANDO ORG;PARANA;7600.65;171.0;7600.65;0.0185;0.022;108;NÃO INFORMADO;2026-08-31;PORTABILIDADE NÃO CONFIRMADA;REDE SOCIAL;INSS;True;False;False;2026-08-31;False;2026-08-31;
DANIELA CRISTINA MORAES;VINICIUS ANDRÉ RODRIGUES;999.000.085-00;(11) 90000-0085;42;PORTABILIDADE;658675122;INTEGRADO;PARANA;24472.15;636.3;0.0;0.0;0.0;0;AGIBANK;2026-08-06;13/08/2026;TELEFONE RECEPTIVO;INSS;False;False;False;2026-08-17;False;2026-08-06;
DANIELA CRISTINA MORAES;VINICIUS ANDRÉ RODRIGUES;999.000.085-00;(11) 90000-0085;42;REFIN DA PORTABILIDADE;858675148;INTEGRADO;PARANA;30209.38;636.3;5737.23;0.016;0.0162;96;AGIBANK;2026-08-06;PORTABILIDADE NÃO CONFIRMADA;TELEFONE RECEPTIVO;INSS;True;True;False;2026-08-17;False;2026-08-17;
DANIELA CRISTINA MORAES;VINICIUS ANDRÉ RODRIGUES;999.000.085-00;(11) 90000-0085;42;PORTABILIDADE;658675160;INTEGRADO;PARANA;17793.9;462.66;0.0;0.0;0.0;0;AGIBANK;2026-08-06;13/08/2026;TELEFONE RECEPTIVO;INSS;False;False;False;2026-08-17;False;2026-08-06;
DANIELA CRISTINA MORAES;VINICIUS ANDRÉ RODRIGUES;999.000.085-00;(11) 90000-0085;42;REFIN DA PORTABILIDADE;858675172;INTEGRADO;PARANA;21965.54;462.66;4171.64;0.016;0.0162;96;AGIBANK;2026-08-06;PORTABILIDADE NÃO CONFIRMADA;TELEFONE RECEPTIVO;INSS;True;True;False;2026-08-17;False;2026-08-17;
DANIELA CRISTINA MORAES;VIVIANE MIGUEL OLIVEIRA;999.000.087-00;(11) 90000-0087;21;PORTABILIDADE;658664171;INTEGRADO;PARANA;18210.97;443.61;0.0;0.0;0.0;0;INBURSA;2026-07-14;12/08/2026;TELEFONE RECEPTIVO;INSS;False;False;False;2026-08-18;False;2026-07-14;
DANIELA CRISTINA MORAES;VIVIANE MIGUEL OLIVEIRA;999.000.087-00;(11) 90000-0087;21;REFIN DA PORTABILIDADE;858664176;INTEGRADO;PARANA;22061.99;443.61;3851.02;0.016;0.0161;108;INBURSA;2026-07-14;PORTABILIDADE NÃO CONFIRMADA;TELEFONE RECEPTIVO;INSS;True;True;False;2026-08-19;False;2026-08-18;
DANIELA CRISTINA MORAES;YASMIN DANIEL SILVA;999.000.090-00;(11) 90000-0090;21;PORTABILIDADE;658679224;INTEGRADO;PARANA;26717.87;552.28;0.0;0.0;0.0;0;FACTA;2026-08-06;13/08/2026;TELEFONE RECEPTIVO;INSS;False;False;False;2026-08-20;False;2026-08-06;
DANIELA CRISTINA MORAES;YASMIN DANIEL SILVA;999.000.090-00;(11) 90000-0090;21;REFIN DA PORTABILIDADE;858679231;AGUARDANDO ORG;PARANA;27606.71;552.28;888.84;0.016;0.016;108;FACTA;2026-08-06;PORTABILIDADE NÃO CONFIRMADA;TELEFONE RECEPTIVO;INSS;False;False;False;2026-08-20;False;2026-08-20;
DANIELA CRISTINA MORAES;YASMIN DANIEL SILVA;999.000.090-00;(11) 90000-0090;21;PORTABILIDADE;658701695;INTEGRADO;PARANA;12838.9;292.01;0.0;0.0;0.0;0;DAYCOVAL;2026-08-07;21/08/2026;TELEFONE RECEPTIVO;INSS;False;False;False;2026-08-27;False;2026-08-07;
DANIELA CRISTINA MORAES;YASMIN DANIEL SILVA;999.000.090-00;(11) 90000-0090;21;REFIN DA PORTABILIDADE;858701702;AGUARDANDO ORG;PARANA;14094.81;292.01;1445.92;0.016900001;0.017;108;DAYCOVAL;2026-08-07;PORTABILIDADE NÃO CONFIRMADA;TELEFONE RECEPTIVO;INSS;False;False;False;2026-08-27;False;2026-08-27;
DANIELA CRISTINA MORAES;YASMIN DANIEL SILVA;999.000.090-00;(11) 90000-0090;21;PORTABILIDADE;658701735;SALDO PAGO;PARANA;7963.01;207.0;0.0;0.0;0.0;0;NÃO INFORMADO;2026-08-07;24/08/2026;TELEFONE RECEPTIVO;INSS;False;False;False;2026-08-24;False;2026-08-07;
DANIELA CRISTINA MORAES;YASMIN DANIEL SILVA;999.000.090-00;(11) 90000-0090;21;PORTABILIDADE;658701799;SALDO PAGO;PARANA;6629.1;149.0;0.0;0.0;0.0;0;FACTA;2026-08-07;20/08/2026;TELEFONE RECEPTIVO;INSS;False;False;False;2026-08-20;False;2026-08-07;
ELISA FERNANDA COSTA;ANA DANIEL PINHEIRO;999.000.006-00;(11) 90000-0006;42;PORTABILIDADE;658641926;INTEGRADO;PARANA;41863.22;1031.82;0.0;0.0;0.0;0;PINE;2026-07-28;04/08/2026;TELEFONE RECEPTIVO;INSS;False;False;False;2026-08-05;False;2026-07-28;
ELISA FERNANDA COSTA;ANA DANIEL PINHEIRO;999.000.006-00;(11) 90000-0006;42;REFIN DA PORTABILIDADE;858641950;AGUARDANDO ORG;PARANA;61921.21;1031.82;9388.01;0.016;0.0161;108;PINE;2026-07-28;PORTABILIDADE NÃO CONFIRMADA;TELEFONE RECEPTIVO;INSS;False;False;False;2026-08-05;False;2026-08-05;
ELISA FERNANDA COSTA;ANA DANIEL PINHEIRO;999.000.006-00;(11) 90000-0006;42;PORTABILIDADE;658641959;INTEGRADO;PARANA;7471.6;185.95;0.0;0.0;0.0;0;PINE;2026-07-28;04/08/2026;TELEFONE RECEPTIVO;INSS;False;False;False;2026-08-05;False;2026-07-28;
ELISA FERNANDA COSTA;ANA DANIEL PINHEIRO;999.000.006-00;(11) 90000-0006;42;REFIN DA PORTABILIDADE;858641965;AGUARDANDO ORG;PARANA;9331.94;185.95;2010.82;0.016;0.0162;108;PINE;2026-07-28;PORTABILIDADE NÃO CONFIRMADA;TELEFONE RECEPTIVO;INSS;False;False;False;2026-08-05;False;2026-08-05;
ELISA FERNANDA COSTA;ANA DANIEL PINHEIRO;999.000.006-00;(11) 90000-0006;42;PORTABILIDADE;658641979;INTEGRADO;PARANA;6649.9;165.5;0.0;0.0;0.0;0;PINE;2026-07-28;04/08/2026;TELEFONE RECEPTIVO;INSS;False;False;False;2026-08-05;False;2026-07-28;
ELISA FERNANDA COSTA;ANA DANIEL PINHEIRO;999.000.006-00;(11) 90000-0006;42;REFIN DA PORTABILIDADE;858641990;AGUARDANDO ORG;PARANA;8324.09;165.5;1627.65;0.016;0.0162;108;PINE;2026-07-28;PORTABILIDADE NÃO CONFIRMADA;TELEFONE RECEPTIVO;INSS;False;False;False;2026-08-05;False;2026-08-05;
ELISA FERNANDA COSTA;ARTHUR ANDRÉ BATISTA;999.000.007-00;(11) 90000-0007;42;PORTABILIDADE;658677362;INTEGRADO;PARANA;52175.1;1142.07;0.0;0.0;0.0;0;INBURSA;2026-08-06;13/08/2026;TELEFONE RECEPTIVO;INSS;False;False;False;2026-08-18;False;2026-08-06;
ELISA FERNANDA COSTA;ARTHUR ANDRÉ BATISTA;999.000.007-00;(11) 90000-0007;42;REFIN DA PORTABILIDADE;858677382;INTEGRADO;PARANA;56992.64;1142.07;4817.54;0.016;0.0161;108;INBURSA;2026-08-06;PORTABILIDADE NÃO CONFIRMADA;TELEFONE RECEPTIVO;INSS;True;True;False;2026-08-19;False;2026-08-18;
ELISA FERNANDA COSTA;ARTHUR ANDRÉ BATISTA;999.000.007-00;(11) 90000-0007;42;MARGEM;858677397;INTEGRADO;PARANA;8584.7;196.2;8584.7;0.0185;0.019299999;108;NÃO INFORMADO;2026-08-06;PORTABILIDADE NÃO CONFIRMADA;TELEFONE RECEPTIVO;INSS;True;True;False;2026-08-19;False;2026-08-06;
ELISA FERNANDA COSTA;ARTHUR ANDRÉ BATISTA;999.000.007-00;(11) 90000-0007;42;PORTABILIDADE;1599592;INTEGRADO;FINANTO;2926.04;103.2;0.0;0.0;0.0;0;MERCANTIL;2026-08-06;14/08/2026;TELEFONE RECEPTIVO;INSS;False;False;False;2026-08-21;False;2026-08-06;
ELISA FERNANDA COSTA;ARTHUR ANDRÉ BATISTA;999.000.007-00;(11) 90000-0007;42;REFIN DA PORTABILIDADE;1599593;INTEGRADO;FINANTO;4493.23;103.2;1503.31;0.0185;0.0191;96;MERCANTIL;2026-08-06;PORTABILIDADE NÃO CONFIRMADA;TELEFONE RECEPTIVO;INSS;True;True;False;2026-08-24;False;2026-08-21;
ELISA FERNANDA COSTA;ARTHUR ANDRÉ BATISTA;999.000.007-00;(11) 90000-0007;42;PORTABILIDADE;1599590;INTEGRADO;FINANTO;2478.12;99.87;0.0;0.0;0.0;0;CREFISA;2026-08-06;14/08/2026;TELEFONE RECEPTIVO;INSS;False;False;False;2026-08-24;False;2026-08-06;
ELISA FERNANDA COSTA;ARTHUR ANDRÉ BATISTA;999.000.007-00;(11) 90000-0007;42;REFIN DA PORTABILIDADE;1599591;INTEGRADO;FINANTO;4358.44;99.86;1800.44;0.0185;0.019199999;96;CREFISA;2026-08-06;PORTABILIDADE NÃO CONFIRMADA;TELEFONE RECEPTIVO;INSS;True;True;False;2026-08-24;False;2026-08-24;
ELISA FERNANDA COSTA;ARTHUR ANDRÉ BATISTA;999.000.007-00;(11) 90000-0007;42;PORTABILIDADE;1599588;INTEGRADO;FINANTO;2286.05;76.54;0.0;0.0;0.0;0;CREFISA;2026-08-06;14/08/2026;TELEFONE RECEPTIVO;INSS;False;False;False;2026-08-24;False;2026-08-06;
ELISA FERNANDA COSTA;ARTHUR ANDRÉ BATISTA;999.000.007-00;(11) 90000-0007;42;REFIN DA PORTABILIDADE;1599589;INTEGRADO;FINANTO;3334.08;76.53;1003.56;0.0185;0.0191;96;CREFISA;2026-08-06;PORTABILIDADE NÃO CONFIRMADA;TELEFONE RECEPTIVO;INSS;True;True;False;2026-08-24;False;2026-08-24;
ELISA FERNANDA COSTA;ARTHUR ANDRÉ BATISTA;999.000.007-00;(11) 90000-0007;42;PORTABILIDADE;1599594;INTEGRADO;FINANTO;1181.57;55.55;0.0;0.0;0.0;0;BMG;2026-08-06;14/08/2026;TELEFONE RECEPTIVO;INSS;False;False;False;2026-08-24;False;2026-08-06;
ELISA FERNANDA COSTA;ARTHUR ANDRÉ BATISTA;999.000.007-00;(11) 90000-0007;42;REFIN DA PORTABILIDADE;1599595;INTEGRADO;FINANTO;2424.07;55.54;1193.05;0.0185;0.019299999;96;BMG;2026-08-06;PORTABILIDADE NÃO CONFIRMADA;TELEFONE RECEPTIVO;INSS;True;True;False;2026-08-24;False;2026-08-24;
ELISA FERNANDA COSTA;BERNARDO CAETANO FARIAS;999.000.009-00;(11) 90000-0009;1;MARGEM;858726329;INTEGRADO;PARANA;11947.6;308.0;11947.6;0.0185;0.0195;84;NÃO INFORMADO;2026-08-20;PORTABILIDADE NÃO CONFIRMADA;TELEFONE RECEPTIVO;INSS;True;True;False;2026-08-21;False;2026-08-20;
ELISA FERNANDA COSTA;BERNARDO CAETANO FARIAS;999.000.009-00;(11) 90000-0009;1;PORTABILIDADE;658654664;INTEGRADO;PARANA;10551.43;258.52;0.0;0.0;0.0;0;BRADESCO;2026-08-02;07/08/2026;TELEFONE RECEPTIVO;INSS;False;False;False;2026-08-10;False;2026-08-02;
ELISA FERNANDA COSTA;BERNARDO CAETANO FARIAS;999.000.009-00;(11) 90000-0009;1;REFIN DA PORTABILIDADE;858654687;INTEGRADO;PARANA;11685.18;258.52;1133.75;0.0184;0.0185;108;BRADESCO;2026-08-02;PORTABILIDADE NÃO CONFIRMADA;TELEFONE RECEPTIVO;INSS;True;True;False;2026-08-14;False;2026-08-10;
ELISA FERNANDA COSTA;CAIO MIGUEL LIMA;999.000.014-00;(11) 90000-0014;42;PORTABILIDADE;658710061;INTEGRADO;PARANA;45973.1;1092.16;0.0;0.0;0.0;0;SANTANDER;2026-08-17;24/08/2026;TELEFONE RECEPTIVO;INSS;False;False;False;2026-08-25;False;2026-08-17;
ELISA FERNANDA COSTA;CAIO MIGUEL LIMA;999.000.014-00;(11) 90000-0014;42;REFIN DA PORTABILIDADE;858710083;INTEGRADO;PARANA;51456.81;1092.16;4770.89;0.0176;0.0177;108;SANTANDER;2026-08-17;PORTABILIDADE NÃO CONFIRMADA;TELEFONE RECEPTIVO;INSS;True;True;False;2026-08-25;False;2026-08-25;
ELISA FERNANDA COSTA;FELIPE MARTINHO SOUZA;999.000.032-00;(11) 90000-0032;41;PORTABILIDADE;658645415;INTEGRADO;PARANA;18235.12;505.0;0.0;0.0;0.0;0;PINE;2026-07-30;06/08/2026;TELEFONE RECEPTIVO;INSS;False;False;False;2026-08-06;False;2026-07-30;
ELISA FERNANDA COSTA;FELIPE MARTINHO SOUZA;999.000.032-00;(11) 90000-0032;41;REFIN DA PORTABILIDADE;858645422;INTEGRADO;PARANA;24910.55;505.0;5913.12;0.016;0.0162;108;PINE;2026-07-30;PORTABILIDADE NÃO CONFIRMADA;TELEFONE RECEPTIVO;INSS;True;True;False;2026-08-07;False;2026-08-06;
ELISA FERNANDA COSTA;FLAVIA EDUARDO BARROS;999.000.034-00;(11) 90000-0034;21;PORTABILIDADE;658651428;INTEGRADO;PARANA;7112.74;198.58;0.0;0.0;0.0;0;AGIBANK;2026-07-14;06/08/2026;TELEFONE RECEPTIVO;INSS;False;False;False;2026-08-10;False;2026-07-14;
ELISA FERNANDA COSTA;FLAVIA EDUARDO BARROS;999.000.034-00;(11) 90000-0034;21;REFIN DA PORTABILIDADE;858651434;INTEGRADO;PARANA;9510.45;198.58;2397.71;0.0167;0.017;108;AGIBANK;2026-07-14;PORTABILIDADE NÃO CONFIRMADA;TELEFONE RECEPTIVO;INSS;True;True;False;2026-08-11;False;2026-08-10;
ELISA FERNANDA COSTA;FLAVIA EDUARDO BARROS;999.000.034-00;(11) 90000-0034;21;PORTABILIDADE;1565692;INTEGRADO;FINANTO;3945.47;96.33;0.0;0.0;0.0;0;SAFRA;2026-07-14;31/07/2026;TELEFONE RECEPTIVO;INSS;False;False;False;2026-08-07;False;2026-07-14;
ELISA FERNANDA COSTA;GABRIELA MIGUEL CORREIA;999.000.036-00;(11) 90000-0036;21;PORTABILIDADE;658697633;INTEGRADO;PARANA;28113.86;578.48;0.0;0.0;0.0;0;DAYCOVAL;2026-08-12;13/08/2026;TELEFONE RECEPTIVO;INSS;False;False;False;2026-08-17;False;2026-08-12;
ELISA FERNANDA COSTA;GABRIELA MIGUEL CORREIA;999.000.036-00;(11) 90000-0036;21;REFIN DA PORTABILIDADE;858697659;INTEGRADO;PARANA;28920.37;578.48;806.51;0.016;0.0161;108;DAYCOVAL;2026-08-12;PORTABILIDADE NÃO CONFIRMADA;TELEFONE RECEPTIVO;INSS;True;True;False;2026-08-17;False;2026-08-17;
ELISA FERNANDA COSTA;HELENA DANIEL FARIAS;999.000.040-00;(11) 90000-0040;21;PORTABILIDADE;1602275;INTEGRADO;FINANTO;20676.23;511.19;0.0;0.0;0.0;0;C6 BANK;2026-08-02;17/08/2026;TELEFONE RECEPTIVO;INSS;False;False;False;2026-08-20;False;2026-08-02;
ELISA FERNANDA COSTA;HELENA DANIEL FARIAS;999.000.040-00;(11) 90000-0040;21;REFIN DA PORTABILIDADE;1626440;INTEGRADO;FINANTO;23445.37;511.18;2656.0;0.0183;0.0187;108;C6 BANK;2026-08-02;PORTABILIDADE NÃO CONFIRMADA;TELEFONE RECEPTIVO;INSS;True;True;False;2026-08-20;False;2026-08-20;
ELISA FERNANDA COSTA;HELENA DANIEL FARIAS;999.000.040-00;(11) 90000-0040;21;PORTABILIDADE;1591367;INTEGRADO;FINANTO;1186.95;80.12;0.0;0.0;0.0;0;DAYCOVAL;2026-08-02;07/08/2026;TELEFONE RECEPTIVO;INSS;False;False;False;2026-08-13;False;2026-08-02;
ELISA FERNANDA COSTA;HELENA DANIEL FARIAS;999.000.040-00;(11) 90000-0040;21;REFIN DA PORTABILIDADE;1591368;INTEGRADO;FINANTO;3628.98;80.12;2357.27;0.0185;0.0194;108;DAYCOVAL;2026-08-02;PORTABILIDADE NÃO CONFIRMADA;TELEFONE RECEPTIVO;INSS;True;True;False;2026-08-13;False;2026-08-13;
ELISA FERNANDA COSTA;HELENA DANIEL FARIAS;999.000.040-00;(11) 90000-0040;21;PORTABILIDADE;1591371;INTEGRADO;FINANTO;2859.22;73.34;0.0;0.0;0.0;0;C6 BANK;2026-08-02;07/08/2026;TELEFONE RECEPTIVO;INSS;False;False;False;2026-08-13;False;2026-08-02;
ELISA FERNANDA COSTA;HELENA DANIEL FARIAS;999.000.040-00;(11) 90000-0040;21;REFIN DA PORTABILIDADE;1604641;INTEGRADO;FINANTO;3321.89;73.34;441.28;0.0185;0.0189;108;C6 BANK;2026-08-02;PORTABILIDADE NÃO CONFIRMADA;TELEFONE RECEPTIVO;INSS;True;True;False;2026-08-13;False;2026-08-13;
ELISA FERNANDA COSTA;ISAAC EDUARDO DUARTE;999.000.043-00;(11) 90000-0043;42;PORTABILIDADE;658624849;INTEGRADO;PARANA;27300.04;786.15;0.0;0.0;0.0;0;NUBANK;2026-07-23;29/07/2026;TELEFONE RECEPTIVO;INSS;False;False;False;2026-08-07;False;2026-07-23;
ELISA FERNANDA COSTA;JONAS HENRIQUE MACHADO;999.000.047-00;(11) 90000-0047;46;PORTABILIDADE;658728755;INTEGRADO;PARANA;76047.1;1633.68;0.0;0.0;0.0;0;INBURSA;2026-08-21;28/08/2026;TELEFONE RECEPTIVO;INSS;False;False;False;2026-09-01;False;2026-08-21;
ELISA FERNANDA COSTA;JONAS HENRIQUE MACHADO;999.000.047-00;(11) 90000-0047;46;REFIN DA PORTABILIDADE;858728766;AGUARDANDO ORG;PARANA;82207.71;1633.68;5978.56;0.016;0.0161;108;INBURSA;2026-08-21;PORTABILIDADE NÃO CONFIRMADA;TELEFONE RECEPTIVO;INSS;False;False;False;2026-09-01;False;2026-09-01;
ELISA FERNANDA COSTA;JONAS HENRIQUE MACHADO;999.000.047-00;(11) 90000-0047;46;PORTABILIDADE;658728773;INTEGRADO;PARANA;5910.15;131.86;0.0;0.0;0.0;0;AGIBANK;2026-08-21;28/08/2026;TELEFONE RECEPTIVO;INSS;False;False;False;2026-09-01;False;2026-08-21;
ELISA FERNANDA COSTA;JONAS HENRIQUE MACHADO;999.000.047-00;(11) 90000-0047;46;REFIN DA PORTABILIDADE;858728778;AGUARDANDO ORG;PARANA;6635.01;131.86;490.9;0.016;0.0161;108;AGIBANK;2026-08-21;PORTABILIDADE NÃO CONFIRMADA;TELEFONE RECEPTIVO;INSS;False;False;False;2026-09-01;False;2026-09-01;
ELISA FERNANDA COSTA;JULIANA EDUARDO ROCHA;999.000.048-00;(11) 90000-0048;21;PORTABILIDADE;658703747;INTEGRADO;PARANA;21244.0;544.84;0.0;0.0;0.0;0;ITAU;2026-08-14;21/08/2026;TELEFONE RECEPTIVO;INSS;False;False;False;2026-08-24;False;2026-08-14;
ELISA FERNANDA COSTA;JULIANA EDUARDO ROCHA;999.000.048-00;(11) 90000-0048;21;REFIN DA PORTABILIDADE;858703754;INTEGRADO;PARANA;26621.69;544.84;5408.27;0.0167;0.0167;108;ITAU;2026-08-14;PORTABILIDADE NÃO CONFIRMADA;TELEFONE RECEPTIVO;INSS;True;True;True;2026-08-24;False;2026-08-24;
ELISA FERNANDA COSTA;LEONARDO ANTÔNIO REIS;999.000.054-00;(11) 90000-0054;42;PORTABILIDADE;658619626;INTEGRADO;PARANA;50125.1;1319.1;0.0;0.0;0.0;0;PAN;2026-07-24;30/07/2026;TELEFONE RECEPTIVO;INSS;False;False;False;2026-08-03;False;2026-07-24;
ELISA FERNANDA COSTA;LUCCA RAFAEL PEREIRA;999.000.056-00;(11) 90000-0056;42;PORTABILIDADE;1602585;INTEGRADO;FINANTO;110461.84;2457.96;0.0;0.0;0.0;0;SAFRA;2026-08-06;17/08/2026;TELEFONE RECEPTIVO;INSS;False;False;False;2026-08-20;False;2026-08-06;
ELISA FERNANDA COSTA;LUCCA RAFAEL PEREIRA;999.000.056-00;(11) 90000-0056;42;REFIN DA PORTABILIDADE;1626418;INTEGRADO;FINANTO;117640.89;2457.95;6830.4;0.0172;0.0175;108;SAFRA;2026-08-06;PORTABILIDADE NÃO CONFIRMADA;TELEFONE RECEPTIVO;INSS;True;True;False;2026-08-20;False;2026-08-20;
ELISA FERNANDA COSTA;LUCCA RAFAEL PEREIRA;999.000.056-00;(11) 90000-0056;42;PORTABILIDADE;658689810;INTEGRADO;PARANA;5957.76;133.82;0.0;0.0;0.0;0;NUBANK;2026-08-11;18/08/2026;TELEFONE RECEPTIVO;INSS;False;False;False;2026-08-19;False;2026-08-11;
ELISA FERNANDA COSTA;LUCCA RAFAEL PEREIRA;999.000.056-00;(11) 90000-0056;42;REFIN DA PORTABILIDADE;858689825;INTEGRADO;PARANA;6678.88;133.82;444.54;0.016;0.0161;108;NUBANK;2026-08-11;PORTABILIDADE NÃO CONFIRMADA;TELEFONE RECEPTIVO;INSS;True;True;False;2026-08-20;False;2026-08-19;
ELISA FERNANDA COSTA;MANUELA DANIEL CAMPOS;999.000.057-00;(11) 90000-0057;21;PORTABILIDADE;658732019;INTEGRADO;PARANA;23201.48;563.25;0.0;0.0;0.0;0;PINE;2026-08-24;31/08/2026;TELEFONE RECEPTIVO;INSS;False;False;False;2026-09-01;False;2026-08-24;
ELISA FERNANDA COSTA;MANUELA DANIEL CAMPOS;999.000.057-00;(11) 90000-0057;21;REFIN DA PORTABILIDADE;858732041;AGUARDANDO ORG;PARANA;28286.89;563.25;5245.75;0.016;0.0161;108;PINE;2026-08-24;PORTABILIDADE NÃO CONFIRMADA;TELEFONE RECEPTIVO;INSS;False;False;False;2026-09-01;False;2026-09-01;
ELISA FERNANDA COSTA;MANUELA DANIEL CAMPOS;999.000.057-00;(11) 90000-0057;21;PORTABILIDADE;658732052;INTEGRADO;PARANA;11680.8;268.4;0.0;0.0;0.0;0;PINE;2026-08-24;31/08/2026;TELEFONE RECEPTIVO;INSS;False;False;False;2026-09-01;False;2026-08-24;
ELISA FERNANDA COSTA;MANUELA DANIEL CAMPOS;999.000.057-00;(11) 90000-0057;21;REFIN DA PORTABILIDADE;858732081;AGUARDANDO ORG;PARANA;13498.68;268.4;1890.34;0.016;0.0161;108;PINE;2026-08-24;PORTABILIDADE NÃO CONFIRMADA;TELEFONE RECEPTIVO;INSS;False;False;False;2026-09-01;False;2026-09-01;
ELISA FERNANDA COSTA;OLIVIA MIGUEL SOARES;999.000.065-00;(11) 90000-0065;0;MARGEM;2445566;INTEGRADO;QUALIBANKING;34488.48;808.18;34488.48;0.0185;0.0197;96;NÃO INFORMADO;2026-08-03;PORTABILIDADE NÃO CONFIRMADA;TELEFONE RECEPTIVO;INSS;True;True;False;2026-08-06;False;2026-08-03;
ELISA FERNANDA COSTA;PATRICIA DANIEL CAVALCANTI;999.000.068-00;(11) 90000-0068;46;PORTABILIDADE;658630500;INTEGRADO;PARANA;25754.69;642.2;0.0;0.0;0.0;0;SANTANDER;2026-07-24;30/07/2026;TELEFONE RECEPTIVO;INSS;False;False;False;2026-08-03;False;2026-07-24;
ELISA FERNANDA COSTA;PATRICIA DANIEL CAVALCANTI;999.000.068-00;(11) 90000-0068;46;PORTABILIDADE;1580168;INTEGRADO;FINANTO;2942.92;81.91;0.0;0.0;0.0;0;CREFISA;2026-07-24;06/08/2026;TELEFONE RECEPTIVO;INSS;False;False;False;2026-08-10;False;2026-07-24;
ELISA FERNANDA COSTA;PATRICIA DANIEL CAVALCANTI;999.000.068-00;(11) 90000-0068;46;REFIN DA PORTABILIDADE;1580169;AGUARDANDO ORG;FINANTO;3707.79;81.91;889.32;0.0185;0.019;108;CREFISA;2026-07-24;PORTABILIDADE NÃO CONFIRMADA;TELEFONE RECEPTIVO;INSS;False;False;False;2026-08-10;False;2026-08-10;
ELISA FERNANDA COSTA;PRISCILA WILLIAM RAMOS;999.000.070-00;(11) 90000-0070;21;MARGEM;858695151;INTEGRADO;PARANA;8884.24;210.15;8884.24;0.0185;0.019299999;108;NÃO INFORMADO;2026-08-12;PORTABILIDADE NÃO CONFIRMADA;TELEFONE RECEPTIVO;INSS;True;True;False;2026-08-14;False;2026-08-12;
ELISA FERNANDA COSTA;PRISCILA WILLIAM RAMOS;999.000.070-00;(11) 90000-0070;21;PORTABILIDADE;1608446;INTEGRADO;FINANTO;4430.91;111.0;0.0;0.0;0.0;0;C6 BANK;2026-08-12;20/08/2026;TELEFONE RECEPTIVO;INSS;False;False;False;2026-08-26;False;2026-08-12;
ELISA FERNANDA COSTA;PRISCILA WILLIAM RAMOS;999.000.070-00;(11) 90000-0070;21;REFIN DA PORTABILIDADE;1646208;INTEGRADO;FINANTO;5109.08;110.99;802.15;0.0183;0.0187;108;C6 BANK;2026-08-12;PORTABILIDADE NÃO CONFIRMADA;TELEFONE RECEPTIVO;INSS;True;True;False;2026-08-27;False;2026-08-26;
ELISA FERNANDA COSTA;PRISCILA WILLIAM RAMOS;999.000.070-00;(11) 90000-0070;21;PORTABILIDADE;1608438;INTEGRADO;FINANTO;4517.89;107.0;0.0;0.0;0.0;0;FACTA;2026-08-12;18/08/2026;TELEFONE RECEPTIVO;INSS;False;False;False;2026-08-27;False;2026-08-12;
ELISA FERNANDA COSTA;PRISCILA WILLIAM RAMOS;999.000.070-00;(11) 90000-0070;21;REFIN DA PORTABILIDADE;1657347;INTEGRADO;FINANTO;5023.07;106.99;169.78;0.0178;0.018099999;108;FACTA;2026-08-12;PORTABILIDADE NÃO CONFIRMADA;TELEFONE RECEPTIVO;INSS;True;True;False;2026-08-27;False;2026-08-27;
ELISA FERNANDA COSTA;PRISCILA WILLIAM RAMOS;999.000.070-00;(11) 90000-0070;21;PORTABILIDADE;1608454;INTEGRADO;FINANTO;2425.44;77.53;0.0;0.0;0.0;0;SANTANDER;2026-08-12;19/08/2026;TELEFONE RECEPTIVO;INSS;False;False;False;2026-08-25;False;2026-08-12;
ELISA FERNANDA COSTA;PRISCILA WILLIAM RAMOS;999.000.070-00;(11) 90000-0070;21;REFIN DA PORTABILIDADE;1608455;INTEGRADO;FINANTO;3540.46;77.52;1069.08;0.0183;0.0188;108;SANTANDER;2026-08-12;PORTABILIDADE NÃO CONFIRMADA;TELEFONE RECEPTIVO;INSS;True;True;False;2026-08-27;False;2026-08-25;
ELISA FERNANDA COSTA;RENATA EDUARDO MONTEIRO;999.000.075-00;(11) 90000-0075;42;PORTABILIDADE;658725013;SALDO PAGO;PARANA;48186.63;1324.4;0.0;0.0;0.0;0;C6 BANK;2026-08-21;28/08/2026;TELEFONE RECEPTIVO;INSS;False;False;False;2026-08-28;False;2026-08-21;
ELISA FERNANDA COSTA;RENATA EDUARDO MONTEIRO;999.000.075-00;(11) 90000-0075;42;MARGEM;858725198;INTEGRADO;PARANA;9452.94;214.15;9452.94;0.0185;0.019299999;108;NÃO INFORMADO;2026-08-21;PORTABILIDADE NÃO CONFIRMADA;TELEFONE RECEPTIVO;INSS;True;True;True;2026-08-25;False;2026-08-21;
ELISA FERNANDA COSTA;RENATA EDUARDO MONTEIRO;999.000.075-00;(11) 90000-0075;42;PORTABILIDADE;658725146;SALDO PAGO;PARANA;6093.75;161.55;0.0;0.0;0.0;0;ITAU;2026-08-21;28/08/2026;TELEFONE RECEPTIVO;INSS;False;False;False;2026-08-28;False;2026-08-21;
ELISA FERNANDA COSTA;SABRINA MIGUEL RIBEIRO;999.000.076-00;(11) 90000-0076;42;PORTABILIDADE;1576292;INTEGRADO;FINANTO;3400.41;81.32;0.0;0.0;0.0;0;BRADESCO;2026-07-23;29/07/2026;TELEFONE RECEPTIVO;INSS;False;False;False;2026-08-03;False;2026-07-23;
ELISA FERNANDA COSTA;VITOR SILVIO SILVA;999.000.086-00;(11) 90000-0086;42;PORTABILIDADE;658707979;INTEGRADO;PARANA;69954.85;1470.3;0.0;0.0;0.0;0;FACTA;2026-08-11;21/08/2026;TELEFONE RECEPTIVO;INSS;False;False;False;2026-09-01;False;2026-08-11;
ELISA FERNANDA COSTA;VITOR SILVIO SILVA;999.000.086-00;(11) 90000-0086;42;REFIN DA PORTABILIDADE;858707987;AGUARDANDO ORG;PARANA;73810.88;1470.3;1805.98;0.016;0.016;108;FACTA;2026-08-11;PORTABILIDADE NÃO CONFIRMADA;TELEFONE RECEPTIVO;INSS;False;False;False;2026-09-01;False;2026-09-01;
ELISA FERNANDA COSTA;VITOR SILVIO SILVA;999.000.086-00;(11) 90000-0086;42;PORTABILIDADE;658707957;INTEGRADO;PARANA;11656.76;245.0;0.0;0.0;0.0;0;FACTA;2026-08-11;21/08/2026;TELEFONE RECEPTIVO;INSS;False;False;False;2026-09-01;False;2026-08-11;
ELISA FERNANDA COSTA;VITOR SILVIO SILVA;999.000.086-00;(11) 90000-0086;42;REFIN DA PORTABILIDADE;858707964;AGUARDANDO ORG;PARANA;12301.6;245.0;307.6;0.016;0.016;108;FACTA;2026-08-11;PORTABILIDADE NÃO CONFIRMADA;TELEFONE RECEPTIVO;INSS;False;False;False;2026-09-01;False;2026-09-01;
FABIANA LUIZA PEREIRA;ADRIANA WILLIAM BRAGA;999.000.001-00;(11) 90000-0001;21;MARGEM;858707125;INTEGRADO;PARANA;21048.38;478.64;21048.38;0.0185;0.0194;108;NÃO INFORMADO;2026-08-14;PORTABILIDADE NÃO CONFIRMADA;TELEFONE RECEPTIVO;INSS;True;True;False;2026-08-19;False;2026-08-14;
FABIANA LUIZA PEREIRA;ALEX GABRIEL BRAGA;999.000.003-00;(11) 90000-0003;21;PORTABILIDADE;658681993;INTEGRADO;PARANA;13079.05;343.34;0.0;0.0;0.0;0;SAFRA;2026-08-07;14/08/2026;TELEFONE RECEPTIVO;INSS;False;False;False;2026-08-18;False;2026-08-07;
FABIANA LUIZA PEREIRA;ALEX GABRIEL BRAGA;999.000.003-00;(11) 90000-0003;21;REFIN DA PORTABILIDADE;858681999;INTEGRADO;PARANA;17061.37;343.34;3982.32;0.016;0.0162;108;SAFRA;2026-08-07;PORTABILIDADE NÃO CONFIRMADA;TELEFONE RECEPTIVO;INSS;True;True;False;2026-08-24;False;2026-08-18;
FABIANA LUIZA PEREIRA;ALEX GABRIEL BRAGA;999.000.003-00;(11) 90000-0003;21;PORTABILIDADE;658681981;INTEGRADO;PARANA;11788.11;324.79;0.0;0.0;0.0;0;DAYCOVAL;2026-08-07;14/08/2026;TELEFONE RECEPTIVO;INSS;False;False;False;2026-08-18;False;2026-08-07;
FABIANA LUIZA PEREIRA;ALEX GABRIEL BRAGA;999.000.003-00;(11) 90000-0003;21;REFIN DA PORTABILIDADE;858681988;INTEGRADO;PARANA;15564.5;324.79;3776.39;0.016900001;0.0171;108;DAYCOVAL;2026-08-07;PORTABILIDADE NÃO CONFIRMADA;TELEFONE RECEPTIVO;INSS;True;True;False;2026-08-21;False;2026-08-18;
FABIANA LUIZA PEREIRA;ALEX GABRIEL BRAGA;999.000.003-00;(11) 90000-0003;21;PORTABILIDADE;658681965;INTEGRADO;PARANA;4916.38;129.11;0.0;0.0;0.0;0;ITAU;2026-08-07;14/08/2026;TELEFONE RECEPTIVO;INSS;False;False;False;2026-08-17;False;2026-08-07;
FABIANA LUIZA PEREIRA;ALEX GABRIEL BRAGA;999.000.003-00;(11) 90000-0003;21;REFIN DA PORTABILIDADE;858681978;INTEGRADO;PARANA;6218.32;129.11;1301.94;0.0168;0.017;108;ITAU;2026-08-07;PORTABILIDADE NÃO CONFIRMADA;TELEFONE RECEPTIVO;INSS;True;True;False;2026-08-17;False;2026-08-17;
FABIANA LUIZA PEREIRA;ALEX GABRIEL BRAGA;999.000.003-00;(11) 90000-0003;21;PORTABILIDADE;1601420;INTEGRADO;FINANTO;3811.59;119.0;0.0;0.0;0.0;0;SANTANDER;2026-08-07;17/08/2026;TELEFONE RECEPTIVO;INSS;False;False;False;2026-08-27;False;2026-08-07;
FABIANA LUIZA PEREIRA;ALEX GABRIEL BRAGA;999.000.003-00;(11) 90000-0003;21;REFIN DA PORTABILIDADE;1646162;INTEGRADO;FINANTO;5480.64;118.99;1593.42;0.0183;0.0188;108;SANTANDER;2026-08-07;PORTABILIDADE NÃO CONFIRMADA;TELEFONE RECEPTIVO;INSS;True;True;False;2026-08-27;False;2026-08-27;
FABIANA LUIZA PEREIRA;ALEX GABRIEL BRAGA;999.000.003-00;(11) 90000-0003;21;PORTABILIDADE;1601415;INTEGRADO;FINANTO;3742.37;106.0;0.0;0.0;0.0;0;SANTANDER;2026-08-07;17/08/2026;TELEFONE RECEPTIVO;INSS;False;False;False;2026-08-27;False;2026-08-07;
FABIANA LUIZA PEREIRA;ALEX GABRIEL BRAGA;999.000.003-00;(11) 90000-0003;21;REFIN DA PORTABILIDADE;1646163;INTEGRADO;FINANTO;4878.92;105.99;1082.84;0.0183;0.0188;108;SANTANDER;2026-08-07;PORTABILIDADE NÃO CONFIRMADA;TELEFONE RECEPTIVO;INSS;True;True;False;2026-08-27;False;2026-08-27;
FABIANA LUIZA PEREIRA;ALEX GABRIEL BRAGA;999.000.003-00;(11) 90000-0003;21;MARGEM;2496412;INTEGRADO;QUALIBANKING;2513.54;57.14;2513.54;0.0185;0.0197;108;NÃO INFORMADO;2026-08-19;PORTABILIDADE NÃO CONFIRMADA;TELEFONE RECEPTIVO;INSS;True;True;False;2026-08-24;False;2026-08-19;
FABIANA LUIZA PEREIRA;ALICE EDUARDO CASTRO;999.000.004-00;(11) 90000-0004;42;PORTABILIDADE;658716276;INTEGRADO;PARANA;5156.65;136.76;0.0;0.0;0.0;0;FACTA;2026-08-18;24/08/2026;TELEFONE RECEPTIVO;INSS;False;False;False;2026-08-26;False;2026-08-18;
FABIANA LUIZA PEREIRA;ALICE EDUARDO CASTRO;999.000.004-00;(11) 90000-0004;42;REFIN DA PORTABILIDADE;858716294;AGUARDANDO ORG;PARANA;6835.4;136.76;1496.12;0.016;0.0162;108;FACTA;2026-08-18;PORTABILIDADE NÃO CONFIRMADA;TELEFONE RECEPTIVO;INSS;False;False;False;2026-08-26;False;2026-08-26;
FABIANA LUIZA PEREIRA;ALICE EDUARDO CASTRO;999.000.004-00;(11) 90000-0004;42;MARGEM;1680774;AGUARDANDO ORG;FINANTO;2216.01;50.0;2216.01;0.0185;0.0197;108;NÃO INFORMADO;2026-08-31;PORTABILIDADE NÃO CONFIRMADA;TELEFONE RECEPTIVO;INSS;True;False;False;2026-08-31;False;2026-08-31;
FABIANA LUIZA PEREIRA;BIANCA EDUARDO MELO;999.000.010-00;(11) 90000-0010;57;PORTABILIDADE;658698356;INTEGRADO;PARANA;27945.36;600.0;0.0;0.0;0.0;0;DAYCOVAL;2026-08-12;19/08/2026;TELEFONE RECEPTIVO;INSS;False;False;False;2026-08-21;False;2026-08-12;
FABIANA LUIZA PEREIRA;BIANCA EDUARDO MELO;999.000.010-00;(11) 90000-0010;57;REFIN DA PORTABILIDADE;858698373;INTEGRADO;PARANA;30051.12;600.0;2105.76;0.016;0.0161;108;DAYCOVAL;2026-08-12;PORTABILIDADE NÃO CONFIRMADA;TELEFONE RECEPTIVO;INSS;True;True;False;2026-08-24;False;2026-08-21;
FABIANA LUIZA PEREIRA;BIANCA EDUARDO MELO;999.000.010-00;(11) 90000-0010;57;PORTABILIDADE;658698388;INTEGRADO;PARANA;20260.28;500.0;0.0;0.0;0.0;0;SAFRA;2026-08-12;19/08/2026;TELEFONE RECEPTIVO;INSS;False;False;False;2026-08-24;False;2026-08-12;
FABIANA LUIZA PEREIRA;BIANCA EDUARDO MELO;999.000.010-00;(11) 90000-0010;57;REFIN DA PORTABILIDADE;858698394;INTEGRADO;PARANA;24948.58;500.0;4688.3;0.016;0.0162;108;SAFRA;2026-08-12;PORTABILIDADE NÃO CONFIRMADA;TELEFONE RECEPTIVO;INSS;True;True;False;2026-08-24;False;2026-08-24;
FABIANA LUIZA PEREIRA;BIANCA EDUARDO MELO;999.000.010-00;(11) 90000-0010;57;PORTABILIDADE;658698407;INTEGRADO;PARANA;10887.79;250.0;0.0;0.0;0.0;0;FACTA;2026-08-12;18/08/2026;TELEFONE RECEPTIVO;INSS;False;False;False;2026-09-01;False;2026-08-12;
FABIANA LUIZA PEREIRA;BIANCA EDUARDO MELO;999.000.010-00;(11) 90000-0010;57;REFIN DA PORTABILIDADE;858698422;AGUARDANDO ORG;PARANA;12537.5;250.0;164.5;0.016;0.016;108;FACTA;2026-08-12;PORTABILIDADE NÃO CONFIRMADA;TELEFONE RECEPTIVO;INSS;False;False;False;2026-09-01;False;2026-09-01;
FABIANA LUIZA PEREIRA;BIANCA EDUARDO MELO;999.000.010-00;(11) 90000-0010;57;MARGEM;858715423;INTEGRADO;PARANA;4722.07;107.11;4722.07;0.0185;0.019299999;108;NÃO INFORMADO;2026-08-18;PORTABILIDADE NÃO CONFIRMADA;TELEFONE RECEPTIVO;INSS;True;True;False;2026-08-19;False;2026-08-18;
FABIANA LUIZA PEREIRA;BRENO GABRIEL COSTA;999.000.011-00;(11) 90000-0011;42;MARGEM;858729699;INTEGRADO;PARANA;12483.62;282.63;12483.62;0.0185;0.019299999;108;NÃO INFORMADO;2026-08-21;PORTABILIDADE NÃO CONFIRMADA;TELEFONE RECEPTIVO;INSS;True;True;False;2026-08-24;False;2026-08-21;
FABIANA LUIZA PEREIRA;CAUÃ GABRIEL MARTINS;999.000.017-00;(11) 90000-0017;21;PORTABILIDADE;658665339;INTEGRADO;PARANA;22301.58;531.3;0.0;0.0;0.0;0;BMG;2026-08-03;11/08/2026;TELEFONE RECEPTIVO;INSS;False;False;False;2026-08-14;False;2026-08-03;
FABIANA LUIZA PEREIRA;CAUÃ GABRIEL MARTINS;999.000.017-00;(11) 90000-0017;21;REFIN DA PORTABILIDADE;858665370;INTEGRADO;PARANA;24544.33;531.3;2229.53;0.0179;0.018;108;BMG;2026-08-03;PORTABILIDADE NÃO CONFIRMADA;TELEFONE RECEPTIVO;INSS;True;True;False;2026-08-17;False;2026-08-14;
FABIANA LUIZA PEREIRA;CLARA WILLIAM RODRIGUES;999.000.020-00;(11) 90000-0020;42;MARGEM;858720580;INTEGRADO;PARANA;17297.07;392.1;17297.07;0.0185;0.019299999;108;NÃO INFORMADO;2026-08-19;PORTABILIDADE NÃO CONFIRMADA;TELEFONE RECEPTIVO;INSS;True;True;False;2026-08-21;False;2026-08-19;
FABIANA LUIZA PEREIRA;DANIELA EDUARDO ALVES;999.000.021-00;(11) 90000-0021;42;PORTABILIDADE;658699409;INTEGRADO;PARANA;14908.48;384.93;0.0;0.0;0.0;0;BANCO SEGURO;2026-08-06;12/08/2026;TELEFONE RECEPTIVO;INSS;False;False;False;2026-08-26;False;2026-08-06;
FABIANA LUIZA PEREIRA;DANIELA EDUARDO ALVES;999.000.021-00;(11) 90000-0021;42;REFIN DA PORTABILIDADE;858699419;INTEGRADO;PARANA;19197.4;384.93;4227.77;0.016;0.0162;108;BANCO SEGURO;2026-08-06;PORTABILIDADE NÃO CONFIRMADA;TELEFONE RECEPTIVO;INSS;True;True;False;2026-08-26;False;2026-08-26;
FABIANA LUIZA PEREIRA;DANIELA EDUARDO ALVES;999.000.021-00;(11) 90000-0021;42;MARGEM;858676497;INTEGRADO;PARANA;3200.67;73.15;3200.67;0.0185;0.019299999;108;NÃO INFORMADO;2026-08-06;PORTABILIDADE NÃO CONFIRMADA;TELEFONE RECEPTIVO;INSS;True;True;False;2026-08-13;False;2026-08-06;
FABIANA LUIZA PEREIRA;EDUARDA MIGUEL CARVALHO;999.000.025-00;(11) 90000-0025;42;MARGEM;858734616;INTEGRADO;PARANA;6852.55;154.85;6852.55;0.0185;0.019299999;108;NÃO INFORMADO;2026-08-25;PORTABILIDADE NÃO CONFIRMADA;TELEFONE RECEPTIVO;INSS;True;True;False;2026-08-25;False;2026-08-25;
FABIANA LUIZA PEREIRA;ELISA DANIEL MACHADO;999.000.026-00;(11) 90000-0026;46;PORTABILIDADE;658692651;INTEGRADO;PARANA;16729.12;430.04;0.0;0.0;0.0;0;FACTA;2026-08-11;17/08/2026;TELEFONE RECEPTIVO;INSS;False;False;False;2026-08-20;False;2026-08-11;
FABIANA LUIZA PEREIRA;ELISA DANIEL MACHADO;999.000.026-00;(11) 90000-0026;46;REFIN DA PORTABILIDADE;858692679;INTEGRADO;PARANA;21411.94;430.0;4682.82;0.016;0.0162;108;FACTA;2026-08-11;PORTABILIDADE NÃO CONFIRMADA;TELEFONE RECEPTIVO;INSS;True;True;False;2026-08-24;False;2026-08-20;
FABIANA LUIZA PEREIRA;ELISA DANIEL MACHADO;999.000.026-00;(11) 90000-0026;46;PORTABILIDADE;658692742;INTEGRADO;PARANA;12558.85;263.96;0.0;0.0;0.0;0;BMG;2026-08-11;18/08/2026;TELEFONE RECEPTIVO;INSS;False;False;False;2026-08-20;False;2026-08-11;
FABIANA LUIZA PEREIRA;ELISA DANIEL MACHADO;999.000.026-00;(11) 90000-0026;46;REFIN DA PORTABILIDADE;858692758;INTEGRADO;PARANA;13232.51;263.96;332.48;0.016;0.016;108;BMG;2026-08-11;PORTABILIDADE NÃO CONFIRMADA;TELEFONE RECEPTIVO;INSS;True;True;False;2026-08-26;False;2026-08-20;
FABIANA LUIZA PEREIRA;ELISA DANIEL MACHADO;999.000.026-00;(11) 90000-0026;46;PORTABILIDADE;1607039;INTEGRADO;FINANTO;4524.33;119.99;0.0;0.0;0.0;0;FACTA;2026-08-11;18/08/2026;TELEFONE RECEPTIVO;INSS;False;False;False;2026-08-31;False;2026-08-11;
FABIANA LUIZA PEREIRA;ELISA DANIEL MACHADO;999.000.026-00;(11) 90000-0026;46;REFIN DA PORTABILIDADE;1660653;AGUARDANDO ORG;FINANTO;5488.26;119.99;773.4;0.0185;0.0189;108;FACTA;2026-08-11;PORTABILIDADE NÃO CONFIRMADA;TELEFONE RECEPTIVO;INSS;False;False;False;2026-08-31;False;2026-08-31;
FABIANA LUIZA PEREIRA;ELISA DANIEL MACHADO;999.000.026-00;(11) 90000-0026;46;PORTABILIDADE;1607034;INTEGRADO;FINANTO;4147.65;110.0;0.0;0.0;0.0;0;FACTA;2026-08-11;18/08/2026;TELEFONE RECEPTIVO;INSS;False;False;False;2026-08-31;False;2026-08-11;
FABIANA LUIZA PEREIRA;ELISA DANIEL MACHADO;999.000.026-00;(11) 90000-0026;46;PORTABILIDADE;1607036;INTEGRADO;FINANTO;4147.27;109.99;0.0;0.0;0.0;0;FACTA;2026-08-11;18/08/2026;TELEFONE RECEPTIVO;INSS;False;False;False;2026-08-31;False;2026-08-11;
FABIANA LUIZA PEREIRA;ELISA DANIEL MACHADO;999.000.026-00;(11) 90000-0026;46;REFIN DA PORTABILIDADE;1660654;AGUARDANDO ORG;FINANTO;5040.1;109.99;712.33;0.0185;0.0189;108;FACTA;2026-08-11;PORTABILIDADE NÃO CONFIRMADA;TELEFONE RECEPTIVO;INSS;False;False;False;2026-08-31;False;2026-08-31;
FABIANA LUIZA PEREIRA;ELISA DANIEL MACHADO;999.000.026-00;(11) 90000-0026;46;REFIN DA PORTABILIDADE;1660652;AGUARDANDO ORG;FINANTO;5033.94;109.99;709.97;0.0185;0.0189;108;FACTA;2026-08-11;PORTABILIDADE NÃO CONFIRMADA;TELEFONE RECEPTIVO;INSS;False;False;False;2026-08-31;False;2026-08-31;
FABIANA LUIZA PEREIRA;ERIC MARTINHO PINHEIRO;999.000.029-00;(11) 90000-0029;42;PORTABILIDADE;658652732;INTEGRADO;PARANA;42286.38;1000.0;0.0;0.0;0.0;0;ITAU;2026-07-30;06/08/2026;TELEFONE RECEPTIVO;INSS;False;False;False;2026-08-07;False;2026-07-30;
FABIANA LUIZA PEREIRA;ERIC MARTINHO PINHEIRO;999.000.029-00;(11) 90000-0029;42;REFIN DA PORTABILIDADE;858652763;INTEGRADO;PARANA;48081.39;1000.0;5795.01;0.016;0.0161;108;ITAU;2026-07-30;PORTABILIDADE NÃO CONFIRMADA;TELEFONE RECEPTIVO;INSS;True;True;False;2026-08-10;False;2026-08-07;
FABIANA LUIZA PEREIRA;ESTER WILLIAM TORRES;999.000.030-00;(11) 90000-0030;21;PORTABILIDADE;658724466;INTEGRADO;PARANA;31271.26;800.52;0.0;0.0;0.0;0;NUBANK;2026-08-20;28/08/2026;TELEFONE RECEPTIVO;INSS;False;False;False;2026-08-31;False;2026-08-20;
FABIANA LUIZA PEREIRA;ESTER WILLIAM TORRES;999.000.030-00;(11) 90000-0030;21;REFIN DA PORTABILIDADE;858724481;INTEGRADO;PARANA;40144.12;800.52;7272.34;0.016;0.0162;108;NUBANK;2026-08-20;PORTABILIDADE NÃO CONFIRMADA;TELEFONE RECEPTIVO;INSS;True;True;True;2026-08-31;False;2026-08-31;
FABIANA LUIZA PEREIRA;ESTER WILLIAM TORRES;999.000.030-00;(11) 90000-0030;21;PORTABILIDADE;658724271;INTEGRADO;PARANA;13882.0;512.77;0.0;0.0;0.0;0;BANRISUL;2026-08-20;28/08/2026;TELEFONE RECEPTIVO;INSS;False;False;False;2026-09-01;False;2026-08-20;
FABIANA LUIZA PEREIRA;ESTER WILLIAM TORRES;999.000.030-00;(11) 90000-0030;21;REFIN DA PORTABILIDADE;858724285;INTEGRADO;PARANA;25531.54;512.77;11692.06;0.016;0.0164;108;BANRISUL;2026-08-20;PORTABILIDADE NÃO CONFIRMADA;TELEFONE RECEPTIVO;INSS;True;True;False;2026-09-01;False;2026-09-01;
FABIANA LUIZA PEREIRA;GUILHERME TOMÁS ANDRADE;999.000.038-00;(11) 90000-0038;42;PORTABILIDADE;658718497;INTEGRADO;PARANA;38170.82;1058.58;0.0;0.0;0.0;0;DAYCOVAL;2026-08-12;26/08/2026;TELEFONE RECEPTIVO;INSS;False;False;False;2026-08-28;False;2026-08-12;
FABIANA LUIZA PEREIRA;GUILHERME TOMÁS ANDRADE;999.000.038-00;(11) 90000-0038;42;REFIN DA PORTABILIDADE;858718505;INTEGRADO;PARANA;50677.65;1058.58;12206.94;0.0171;0.0173;108;DAYCOVAL;2026-08-12;PORTABILIDADE NÃO CONFIRMADA;TELEFONE RECEPTIVO;INSS;True;True;False;2026-08-31;False;2026-08-28;
FABIANA LUIZA PEREIRA;GUILHERME TOMÁS ANDRADE;999.000.038-00;(11) 90000-0038;42;PORTABILIDADE;658696244;INTEGRADO;PARANA;21989.23;520.6;0.0;0.0;0.0;0;SANTANDER;2026-08-12;19/08/2026;TELEFONE RECEPTIVO;INSS;False;False;False;2026-08-21;False;2026-08-12;
FABIANA LUIZA PEREIRA;GUILHERME TOMÁS ANDRADE;999.000.038-00;(11) 90000-0038;42;REFIN DA PORTABILIDADE;858696256;INTEGRADO;PARANA;24307.15;520.6;2305.02;0.0177;0.0179;108;SANTANDER;2026-08-12;PORTABILIDADE NÃO CONFIRMADA;TELEFONE RECEPTIVO;INSS;True;True;False;2026-08-25;False;2026-08-21;
FABIANA LUIZA PEREIRA;GUILHERME TOMÁS ANDRADE;999.000.038-00;(11) 90000-0038;42;PORTABILIDADE;658696276;INTEGRADO;PARANA;10308.13;221.92;0.0;0.0;0.0;0;NUBANK;2026-08-12;19/08/2026;TELEFONE RECEPTIVO;INSS;False;False;False;2026-08-25;False;2026-08-12;
FABIANA LUIZA PEREIRA;GUILHERME TOMÁS ANDRADE;999.000.038-00;(11) 90000-0038;42;REFIN DA PORTABILIDADE;858696283;INTEGRADO;PARANA;11114.04;221.92;805.91;0.016;0.0161;108;NUBANK;2026-08-12;PORTABILIDADE NÃO CONFIRMADA;TELEFONE RECEPTIVO;INSS;True;True;False;2026-08-25;False;2026-08-25;
FABIANA LUIZA PEREIRA;GUILHERME TOMÁS ANDRADE;999.000.038-00;(11) 90000-0038;42;PORTABILIDADE;658696260;INTEGRADO;PARANA;5936.9;167.31;0.0;0.0;0.0;0;INTER;2026-08-12;19/08/2026;TELEFONE RECEPTIVO;INSS;False;False;False;2026-08-24;False;2026-08-12;
FABIANA LUIZA PEREIRA;GUILHERME TOMÁS ANDRADE;999.000.038-00;(11) 90000-0038;42;REFIN DA PORTABILIDADE;858696270;INTEGRADO;PARANA;8001.37;167.31;2061.12;0.017;0.0172;108;INTER;2026-08-12;PORTABILIDADE NÃO CONFIRMADA;TELEFONE RECEPTIVO;INSS;True;True;False;2026-08-25;False;2026-08-24;
FABIANA LUIZA PEREIRA;HEITOR AUGUSTO BARROS;999.000.039-00;(11) 90000-0039;41;PORTABILIDADE;658631593;INTEGRADO;PARANA;19650.0;528.88;0.0;0.0;0.0;0;PINE;2026-07-24;30/07/2026;TELEFONE RECEPTIVO;INSS;False;False;False;2026-08-03;False;2026-07-24;
FABIANA LUIZA PEREIRA;LARISSA MIGUEL XAVIER;999.000.053-00;(11) 90000-0053;42;PORTABILIDADE;658613067;INTEGRADO;PARANA;23264.06;568.0;0.0;0.0;0.0;0;FACTA;2026-07-17;28/07/2026;TELEFONE RECEPTIVO;INSS;False;False;False;2026-08-03;False;2026-07-17;
FABIANA LUIZA PEREIRA;MARCOS WILLIAM SANTANA;999.000.058-00;(11) 90000-0058;46;MARGEM;122767883;INTEGRADO;FACTA;2650.41;59.43;2650.41;0.0185;0.0185;108;NÃO INFORMADO;2026-08-04;PORTABILIDADE NÃO CONFIRMADA;TELEFONE RECEPTIVO;INSS;True;True;False;2026-08-06;False;2026-08-04;
FABIANA LUIZA PEREIRA;MARIANA WILLIAM LOPES;999.000.059-00;(11) 90000-0059;21;PORTABILIDADE;658706383;SALDO PAGO;PARANA;12607.27;375.74;0.0;0.0;0.0;0;INBURSA;2026-08-14;24/08/2026;TELEFONE RECEPTIVO;INSS;False;False;False;2026-08-24;False;2026-08-14;
FABIANA LUIZA PEREIRA;MATEUS RAFAEL SOARES;999.000.060-00;(11) 90000-0060;42;PORTABILIDADE;658668354;INTEGRADO;PARANA;47446.93;1128.7;0.0;0.0;0.0;0;DAYCOVAL;2026-08-04;11/08/2026;TELEFONE RECEPTIVO;INSS;False;False;False;2026-08-13;False;2026-08-04;
FABIANA LUIZA PEREIRA;MATEUS RAFAEL SOARES;999.000.060-00;(11) 90000-0060;42;REFIN DA PORTABILIDADE;858668378;INTEGRADO;PARANA;56139.04;1128.7;8692.11;0.016;0.0161;108;DAYCOVAL;2026-08-04;PORTABILIDADE NÃO CONFIRMADA;TELEFONE RECEPTIVO;INSS;True;True;False;2026-08-13;False;2026-08-13;
FABIANA LUIZA PEREIRA;MATEUS RAFAEL SOARES;999.000.060-00;(11) 90000-0060;42;PORTABILIDADE;658668385;INTEGRADO;PARANA;11381.65;380.0;0.0;0.0;0.0;0;SANTANDER;2026-08-04;11/08/2026;TELEFONE RECEPTIVO;INSS;False;False;False;2026-08-12;False;2026-08-04;
FABIANA LUIZA PEREIRA;MATEUS RAFAEL SOARES;999.000.060-00;(11) 90000-0060;42;REFIN DA PORTABILIDADE;858668399;INTEGRADO;PARANA;17031.41;380.0;5649.76;0.0185;0.0188;108;SANTANDER;2026-08-04;PORTABILIDADE NÃO CONFIRMADA;TELEFONE RECEPTIVO;INSS;True;True;False;2026-08-13;False;2026-08-12;
FABIANA LUIZA PEREIRA;MONICA DANIEL MENDES;999.000.061-00;(11) 90000-0061;42;PORTABILIDADE;658678548;INTEGRADO;PARANA;40258.63;1025.83;0.0;0.0;0.0;0;INBURSA;2026-08-06;13/08/2026;TELEFONE RECEPTIVO;INSS;False;False;False;2026-08-18;False;2026-08-06;
FABIANA LUIZA PEREIRA;MONICA DANIEL MENDES;999.000.061-00;(11) 90000-0061;42;REFIN DA PORTABILIDADE;858678574;INTEGRADO;PARANA;50971.13;1025.52;10712.5;0.016;0.0162;108;INBURSA;2026-08-06;PORTABILIDADE NÃO CONFIRMADA;TELEFONE RECEPTIVO;INSS;True;True;False;2026-08-19;False;2026-08-18;
FABIANA LUIZA PEREIRA;MONICA DANIEL MENDES;999.000.061-00;(11) 90000-0061;42;PORTABILIDADE;658709283;INTEGRADO;PARANA;8890.15;244.35;0.0;0.0;0.0;0;BRADESCO;2026-08-07;24/08/2026;TELEFONE RECEPTIVO;INSS;False;False;False;2026-08-27;False;2026-08-07;
FABIANA LUIZA PEREIRA;MONICA DANIEL MENDES;999.000.061-00;(11) 90000-0061;42;REFIN DA PORTABILIDADE;858709289;INTEGRADO;PARANA;12193.46;244.35;3280.28;0.016;0.0162;108;BRADESCO;2026-08-07;PORTABILIDADE NÃO CONFIRMADA;TELEFONE RECEPTIVO;INSS;True;True;False;2026-08-27;False;2026-08-27;
FABIANA LUIZA PEREIRA;NATALIA EDUARDO PACHECO;999.000.062-00;(11) 90000-0062;42;PORTABILIDADE;658632489;INTEGRADO;PARANA;16943.44;409.89;0.0;0.0;0.0;0;NÃO INFORMADO;2026-07-16;31/07/2026;TELEFONE RECEPTIVO;INSS;False;False;False;2026-08-04;False;2026-07-16;
FABIANA LUIZA PEREIRA;NICOLAS BENEDITO TORRES;999.000.063-00;(11) 90000-0063;42;PORTABILIDADE;658653403;INTEGRADO;PARANA;0.0;140.75;0.0;0.0;0.0;0;FACTA;2026-07-24;06/08/2026;TELEFONE RECEPTIVO;INSS;False;False;False;2026-08-12;False;2026-07-24;
FABIANA LUIZA PEREIRA;NICOLAS BENEDITO TORRES;999.000.063-00;(11) 90000-0063;42;REFIN DA PORTABILIDADE;858653414;INTEGRADO;PARANA;6972.14;140.75;1386.89;0.016;0.0162;108;FACTA;2026-07-24;PORTABILIDADE NÃO CONFIRMADA;TELEFONE RECEPTIVO;INSS;True;True;False;2026-08-17;False;2026-08-12;
FABIANA LUIZA PEREIRA;OSCAR FERNANDO CAVALCANTI;999.000.066-00;(11) 90000-0066;42;PORTABILIDADE;658640860;INTEGRADO;PARANA;34083.0;794.12;0.0;0.0;0.0;0;DIGIO;2026-07-20;24/07/2026;TELEFONE RECEPTIVO;INSS;False;False;False;2026-08-06;False;2026-07-20;
FABIANA LUIZA PEREIRA;OSCAR FERNANDO CAVALCANTI;999.000.066-00;(11) 90000-0066;42;PORTABILIDADE;1627663;INTEGRADO;FINANTO;2245.61;60.25;0.0;0.0;0.0;0;SANTANDER;2026-08-19;26/08/2026;TELEFONE RECEPTIVO;INSS;False;False;False;2026-08-31;False;2026-08-19;
FABIANA LUIZA PEREIRA;OSCAR FERNANDO CAVALCANTI;999.000.066-00;(11) 90000-0066;42;REFIN DA PORTABILIDADE;1627664;AGUARDANDO ORG;FINANTO;2731.87;60.24;511.69;0.0185;0.0189;108;SANTANDER;2026-08-19;PORTABILIDADE NÃO CONFIRMADA;TELEFONE RECEPTIVO;INSS;False;False;False;2026-08-31;False;2026-08-31;
FABIANA LUIZA PEREIRA;RAFAELA WILLIAM DUARTE;999.000.071-00;(11) 90000-0071;42;PORTABILIDADE;1621639;INTEGRADO;FINANTO;2266.44;96.87;0.0;0.0;0.0;0;CAIXA ECONÔMICA FEDERAL;2026-08-17;25/08/2026;TELEFONE RECEPTIVO;INSS;False;False;False;2026-08-27;False;2026-08-17;
FABIANA LUIZA PEREIRA;RAFAELA WILLIAM DUARTE;999.000.071-00;(11) 90000-0071;42;REFIN DA PORTABILIDADE;1621640;INTEGRADO;FINANTO;4219.77;96.86;1881.74;0.0185;0.019199999;96;CAIXA ECONÔMICA FEDERAL;2026-08-17;PORTABILIDADE NÃO CONFIRMADA;TELEFONE RECEPTIVO;INSS;True;True;True;2026-08-27;False;2026-08-27;
FABIANA LUIZA PEREIRA;RAFAELA WILLIAM DUARTE;999.000.071-00;(11) 90000-0071;42;PORTABILIDADE;1621635;SALDO PAGO;FINANTO;2736.48;95.0;0.0;0.0;0.0;0;C6 BANK;2026-08-17;25/08/2026;TELEFONE RECEPTIVO;INSS;False;False;False;2026-08-25;False;2026-08-17;
FABIANA LUIZA PEREIRA;THALES DANIEL MIRANDA;999.000.080-00;(11) 90000-0080;42;PORTABILIDADE;658627894;INTEGRADO;PARANA;53016.9;1282.53;0.0;0.0;0.0;0;SAFRA;2026-07-24;30/07/2026;TELEFONE RECEPTIVO;INSS;False;False;False;2026-08-03;False;2026-07-24;
FABIANA LUIZA PEREIRA;THALES DANIEL MIRANDA;999.000.080-00;(11) 90000-0080;42;PORTABILIDADE;658627908;INTEGRADO;PARANA;3043.8;162.79;0.0;0.0;0.0;0;PAN;2026-07-24;30/07/2026;TELEFONE RECEPTIVO;INSS;False;False;False;2026-08-03;False;2026-07-24;
FABIANA LUIZA PEREIRA;THALES DANIEL MIRANDA;999.000.080-00;(11) 90000-0080;42;PORTABILIDADE;1578776;INTEGRADO;FINANTO;1798.39;103.6;0.0;0.0;0.0;0;PAN;2026-07-24;30/07/2026;TELEFONE RECEPTIVO;INSS;False;False;False;2026-08-03;False;2026-07-24;
FABIANA LUIZA PEREIRA;VALENTINA WILLIAM BATISTA;999.000.083-00;(11) 90000-0083;57;PORTABILIDADE;1624597;INTEGRADO;FINANTO;1073.2;52.05;0.0;0.0;0.0;0;SANTANDER;2026-08-18;25/08/2026;TELEFONE RECEPTIVO;INSS;False;False;False;2026-08-27;False;2026-08-18;
FABIANA LUIZA PEREIRA;VALENTINA WILLIAM BATISTA;999.000.083-00;(11) 90000-0083;57;REFIN DA PORTABILIDADE;1624598;AGUARDANDO ORG;FINANTO;2357.12;52.05;1230.69;0.0185;0.019199999;108;SANTANDER;2026-08-18;PORTABILIDADE NÃO CONFIRMADA;TELEFONE RECEPTIVO;INSS;False;False;False;2026-08-27;False;2026-08-27;
FABIANA LUIZA PEREIRA;WESLEY CAETANO TEIXEIRA;999.000.088-00;(11) 90000-0088;42;PORTABILIDADE;658664464;INTEGRADO;PARANA;42791.68;1055.0;0.0;0.0;0.0;0;PAN;2026-08-04;11/08/2026;TELEFONE RECEPTIVO;INSS;False;False;False;2026-08-17;False;2026-08-04;
FABIANA LUIZA PEREIRA;WESLEY CAETANO TEIXEIRA;999.000.088-00;(11) 90000-0088;42;REFIN DA PORTABILIDADE;858664478;INTEGRADO;PARANA;47289.66;1055.0;4497.98;0.016;0.0161;84;PAN;2026-08-04;PORTABILIDADE NÃO CONFIRMADA;TELEFONE RECEPTIVO;INSS;True;True;False;2026-08-18;False;2026-08-17;
FABIANA LUIZA PEREIRA;WESLEY CAETANO TEIXEIRA;999.000.088-00;(11) 90000-0088;42;PORTABILIDADE;658664501;INTEGRADO;PARANA;15327.11;525.72;0.0;0.0;0.0;0;INBURSA;2026-08-04;11/08/2026;TELEFONE RECEPTIVO;INSS;False;False;False;2026-08-18;False;2026-08-04;
FABIANA LUIZA PEREIRA;WESLEY CAETANO TEIXEIRA;999.000.088-00;(11) 90000-0088;42;REFIN DA PORTABILIDADE;858664509;INTEGRADO;PARANA;23379.35;525.72;8052.24;0.016;0.0163;84;INBURSA;2026-08-04;PORTABILIDADE NÃO CONFIRMADA;TELEFONE RECEPTIVO;INSS;True;True;False;2026-08-18;False;2026-08-18;
FABIANA LUIZA PEREIRA;WESLEY CAETANO TEIXEIRA;999.000.088-00;(11) 90000-0088;42;PORTABILIDADE;658664481;INTEGRADO;PARANA;12741.73;372.26;0.0;0.0;0.0;0;INBURSA;2026-08-04;11/08/2026;TELEFONE RECEPTIVO;INSS;False;False;False;2026-08-14;False;2026-08-04;
FABIANA LUIZA PEREIRA;WESLEY CAETANO TEIXEIRA;999.000.088-00;(11) 90000-0088;42;REFIN DA PORTABILIDADE;858664493;INTEGRADO;PARANA;16613.47;372.26;3871.74;0.016;0.0162;84;INBURSA;2026-08-04;PORTABILIDADE NÃO CONFIRMADA;TELEFONE RECEPTIVO;INSS;True;True;False;2026-08-18;False;2026-08-14;
FABIANA LUIZA PEREIRA;YAGO ANDRÉ XAVIER;999.000.089-00;(11) 90000-0089;42;PORTABILIDADE;658717468;INTEGRADO;PARANA;45840.68;1091.88;0.0;0.0;0.0;0;SANTANDER;2026-08-18;25/08/2026;TELEFONE RECEPTIVO;INSS;False;False;False;2026-08-26;False;2026-08-18;
FABIANA LUIZA PEREIRA;YAGO ANDRÉ XAVIER;999.000.089-00;(11) 90000-0089;42;REFIN DA PORTABILIDADE;858717478;INTEGRADO;PARANA;51252.56;1091.88;4970.85;0.0177;0.0178;108;SANTANDER;2026-08-18;PORTABILIDADE NÃO CONFIRMADA;TELEFONE RECEPTIVO;INSS;True;True;False;2026-08-26;False;2026-08-26;
