Atendente;Cliente;CPF;Telefone;EspecieBeneficio;PropostaTipo;NumeroProposta;PropostaStatus;BancoDigitado; ValorContrato ; ValorParcela ; ValorTroco ;TaxaPorc;TaxaCET;QuantidadeParcelas;BancoPortado;DataEnvioCIP;DataSaldoPago;OrigemCaptacao;Orgao;PossuiGravacao;PossuiFoto;EmRevisao;DataUltimoStatus;PossuiPendente;DataCriacaoProposta;
ALINE MARTINS FERREIRA;BEATRIZ WILLIAM TAVARES ;999.000.008-00;(11) 90000-0008;42;PORTABILIDADE;658641797;SALDO PAGO;PARANA; R$ -   ; R$ 787,39 ; R$ -   ;0,00%;0,00%;0;BRB;25/06/2026;04/08/2026;Telefone Receptivo;INSS;NAO;NAO;NAO;04/08/2026;NAO;25/06/2026;
ALINE MARTINS FERREIRA;CAMILA MIGUEL FERREIRA;999.000.015-00;(11) 90000-0015;42;PORTABILIDADE;658716768;INTEGRADO;PARANA; R$ 13.740,81 ; R$ 398,00 ; R$ -   ;0,00%;0,00%;0;INBURSA;18/08/2026;25/08/2026;Telefone Receptivo;INSS;NAO;NAO;NAO;31/08/2026;NAO;18/08/2026;
ALINE MARTINS FERREIRA;CAMILA MIGUEL FERREIRA;999.000.015-00;(11) 90000-0015;42;REFIN DA PORTABILIDADE;858716787;INTEGRADO;PARANA; R$ 19.846,19 ; R$ 398,00 ; R$ 6.136,43 ;1,60%;1,63%;108;INBURSA;18/08/2026;;Telefone Receptivo;INSS;SIM;SIM;NAO;31/08/2026;NAO;31/08/2026;
ALINE MARTINS FERREIRA;CECILIA MIGUEL MIRANDA ;999.000.018-00;(11) 90000-0018;42;PORTABILIDADE;658654791;INTEGRADO;PARANA; R$ 23.452,54 ; R$ 576,30 ; R$ -   ;0,00%;0,00%;0;SANTANDER;02/08/2026;07/08/2026;Telefone Receptivo;INSS;NAO;NAO;NAO;13/08/2026;NAO;02/08/2026;
ALINE MARTINS FERREIRA;CECILIA MIGUEL MIRANDA ;999.000.018-00;(11) 90000-0018;42;REFIN DA PORTABILIDADE;858654797;INTEGRADO;PARANA; R$ 27.315,81 ; R$ 576,30 ; R$ 3.863,27 ;1,60%;1,62%;96;SANTANDER;02/08/2026;;Telefone Receptivo;INSS;SIM;SIM;NAO;18/08/2026;NAO;13/08/2026;
ALINE MARTINS FERREIRA;CECILIA MIGUEL MIRANDA ;999.000.018-00;(11) 90000-0018;42;PORTABILIDADE;658654858;INTEGRADO;PARANA; R$ 7.998,81 ; R$ 213,80 ; R$ -   ;0,00%;0,00%;0;MERCANTIL;02/08/2026;07/08/2026;Telefone Receptivo;INSS;NAO;NAO;NAO;17/08/2026;NAO;02/08/2026;
ALINE MARTINS FERREIRA;CECILIA MIGUEL MIRANDA ;999.000.018-00;(11) 90000-0018;42;PORTABILIDADE;658654821;INTEGRADO;PARANA; R$ 7.998,81 ; R$ 213,80 ; R$ -   ;0,00%;0,00%;0;MERCANTIL;02/08/2026;07/08/2026;Telefone Receptivo;INSS;NAO;NAO;NAO;17/08/2026;NAO;02/08/2026;
ALINE MARTINS FERREIRA;CECILIA MIGUEL MIRANDA ;999.000.018-00;(11) 90000-0018;42;REFIN DA PORTABILIDADE;858714213;INTEGRADO;PARANA; R$ 10.169,96 ; R$ 213,80 ; R$ 2.147,86 ;1,60%;1,62%;96;MERCANTIL;02/08/2026;;Telefone Receptivo;INSS;SIM;SIM;NAO;25/08/2026;NAO;17/08/2026;
ALINE MARTINS FERREIRA;CECILIA MIGUEL MIRANDA ;999.000.018-00;(11) 90000-0018;42;REFIN DA PORTABILIDADE;858716002;INTEGRADO;PARANA; R$ 10.169,96 ; R$ 213,80 ; R$ 2.147,86 ;1,60%;1,62%;96;MERCANTIL;02/08/2026;;Telefone Receptivo;INSS;SIM;SIM;NAO;25/08/2026;NAO;17/08/2026;
ALINE MARTINS FERREIRA;CECILIA MIGUEL MIRANDA ;999.000.018-00;(11) 90000-0018;42;PORTABILIDADE;658654740;INTEGRADO;PARANA; R$ 7.244,03 ; R$ 169,00 ; R$ -   ;0,00%;0,00%;0;AGIBANK;02/08/2026;07/08/2026;Telefone Receptivo;INSS;NAO;NAO;NAO;12/08/2026;NAO;02/08/2026;
ALINE MARTINS FERREIRA;CECILIA MIGUEL MIRANDA ;999.000.018-00;(11) 90000-0018;42;REFIN DA PORTABILIDADE;858654755;INTEGRADO;PARANA; R$ 8.021,78 ; R$ 169,00 ; R$ 777,75 ;1,60%;1,61%;96;AGIBANK;02/08/2026;;Telefone Receptivo;INSS;SIM;SIM;NAO;18/08/2026;NAO;12/08/2026;
ALINE MARTINS FERREIRA;CECILIA MIGUEL MIRANDA ;999.000.018-00;(11) 90000-0018;42;PORTABILIDADE;658654762;INTEGRADO;PARANA; R$ 6.620,84 ; R$ 149,56 ; R$ -   ;0,00%;0,00%;0;BANCO PAULISTA;02/08/2026;07/08/2026;Telefone Receptivo;INSS;NAO;NAO;NAO;20/08/2026;NAO;02/08/2026;
ALINE MARTINS FERREIRA;CECILIA MIGUEL MIRANDA ;999.000.018-00;(11) 90000-0018;42;REFIN DA PORTABILIDADE;858729738;AGUARDANDO ORG;PARANA; R$ 7.157,00 ; R$ 149,56 ; R$ 508,98 ;1,60%;1,61%;96;BANCO PAULISTA;02/08/2026;;Telefone Receptivo;INSS;SIM;SIM;NAO;27/08/2026;NAO;20/08/2026;
ALINE MARTINS FERREIRA;CECILIA MIGUEL MIRANDA ;999.000.018-00;(11) 90000-0018;42;PORTABILIDADE;658654844;INTEGRADO;PARANA; R$ 5.766,14 ; R$ 141,64 ; R$ -   ;0,00%;0,00%;0;PAN;02/08/2026;07/08/2026;Telefone Receptivo;INSS;NAO;NAO;NAO;19/08/2026;NAO;02/08/2026;
ALINE MARTINS FERREIRA;CECILIA MIGUEL MIRANDA ;999.000.018-00;(11) 90000-0018;42;REFIN DA PORTABILIDADE;858654852;INTEGRADO;PARANA; R$ 6.713,60 ; R$ 141,64 ; R$ 947,46 ;1,60%;1,63%;96;PAN;02/08/2026;;Telefone Receptivo;INSS;SIM;SIM;NAO;25/08/2026;NAO;19/08/2026;
ALINE MARTINS FERREIRA;CECILIA MIGUEL MIRANDA ;999.000.018-00;(11) 90000-0018;42;MARGEM;858751232;AGUARDANDO ORG;PARANA; R$ 2.774,84 ; R$ 68,50 ; R$ 2.774,84 ;1,85%;1,93%;108;;30/08/2026;;Telefone Receptivo;INSS;SIM;NAO;NAO;30/08/2026;NAO;30/08/2026;
ALINE MARTINS FERREIRA;GABRIEL AUGUSTO VIEIRA ;999.000.035-00;(11) 90000-0035;42;PORTABILIDADE;658704389;INTEGRADO;PARANA; R$ 14.795,50 ; R$ 375,71 ; R$ -   ;0,00%;0,00%;0;;14/08/2026;24/08/2026;Telefone Receptivo;INSS;NAO;NAO;NAO;01/09/2026;NAO;14/08/2026;
ALINE MARTINS FERREIRA;GABRIEL AUGUSTO VIEIRA ;999.000.035-00;(11) 90000-0035;42;REFIN DA PORTABILIDADE;858704399;AGUARDANDO ORG;PARANA; R$ 18.188,11 ; R$ 375,71 ; R$ 3.716,07 ;1,60%;1,62%;108;;14/08/2026;;Telefone Receptivo;INSS;NAO;NAO;NAO;01/09/2026;NAO;01/09/2026;
ALINE MARTINS FERREIRA;GABRIEL AUGUSTO VIEIRA ;999.000.035-00;(11) 90000-0035;42;PORTABILIDADE;658704405;INTEGRADO;PARANA; R$ 7.558,19 ; R$ 163,94 ; R$ -   ;0,00%;0,00%;0;INBURSA;14/08/2026;21/08/2026;Telefone Receptivo;INSS;NAO;NAO;NAO;26/08/2026;NAO;14/08/2026;
ALINE MARTINS FERREIRA;GABRIEL AUGUSTO VIEIRA ;999.000.035-00;(11) 90000-0035;42;REFIN DA PORTABILIDADE;858704415;INTEGRADO;PARANA; R$ 8.215,03 ; R$ 163,94 ; R$ 721,36 ;1,60%;1,61%;108;INBURSA;14/08/2026;;Telefone Receptivo;INSS;SIM;SIM;NAO;26/08/2026;NAO;26/08/2026;
ALINE MARTINS FERREIRA;HUGO EDUARDO CORREIA ;999.000.041-00;(11) 90000-0041;21;PORTABILIDADE;1620075;INTEGRADO;FINANTO; R$ 10.200,09 ; R$ 235,17 ; R$ -   ;0,00%;0,00%;0;C6 BANK;17/08/2026;25/08/2026;Telefone Receptivo;INSS;NAO;NAO;NAO;01/09/2026;NAO;17/08/2026;
ALINE MARTINS FERREIRA;HUGO EDUARDO CORREIA ;999.000.041-00;(11) 90000-0041;21;REFIN DA PORTABILIDADE;1660612;AGUARDANDO ORG;FINANTO; R$ 10.769,21 ; R$ 235,16 ; R$ 321,80 ;1,85%;1,88%;108;C6 BANK;17/08/2026;;Telefone Receptivo;INSS;NAO;NAO;NAO;01/09/2026;NAO;01/09/2026;
ALINE MARTINS FERREIRA;KAUÃ PAULO NASCIMENTO;999.000.051-00;(11) 90000-0051;41;PORTABILIDADE;658640847;INTEGRADO;PARANA; R$ 17.518,80 ; R$ 454,38 ; R$ -   ;0,00%;0,00%;0;SICOOB;24/07/2026;30/07/2026;Telefone Receptivo;INSS;NAO;NAO;NAO;04/08/2026;NAO;24/07/2026;
ALINE MARTINS FERREIRA;VANESSA EDUARDO LIMA ;999.000.084-00;(11) 90000-0084;42;PORTABILIDADE;658649439;INTEGRADO;PARANA; R$ 14.749,45 ; R$ 430,00 ; R$ -   ;0,00%;0,00%;0;SICRED;30/07/2026;06/08/2026;Telefone Receptivo;INSS;NAO;NAO;NAO;07/08/2026;NAO;30/07/2026;
ALINE MARTINS FERREIRA;VANESSA EDUARDO LIMA ;999.000.084-00;(11) 90000-0084;42;REFIN DA PORTABILIDADE;858649446;INTEGRADO;PARANA; R$ 21.228,01 ; R$ 430,00 ; R$ 6.478,56 ;1,60%;1,63%;108;SICRED;30/07/2026;;Telefone Receptivo;INSS;SIM;SIM;NAO;10/08/2026;NAO;07/08/2026;
ALINE MARTINS FERREIRA;VANESSA EDUARDO LIMA ;999.000.084-00;(11) 90000-0084;42;PORTABILIDADE;1588857;INTEGRADO;FINANTO; R$ 2.197,40 ; R$ 117,33 ; R$ -   ;0,00%;0,00%;0;SICRED;30/07/2026;06/08/2026;Telefone Receptivo;INSS;NAO;NAO;NAO;10/08/2026;NAO;30/07/2026;
ALINE MARTINS FERREIRA;VANESSA EDUARDO LIMA ;999.000.084-00;(11) 90000-0084;42;REFIN DA PORTABILIDADE;1588858;INTEGRADO;FINANTO; R$ 5.310,69 ; R$ 117,33 ; R$ 3.007,63 ;1,85%;1,93%;108;SICRED;30/07/2026;;Telefone Receptivo;INSS;SIM;SIM;NAO;10/08/2026;NAO;10/08/2026;
ALINE MARTINS FERREIRA;VANESSA EDUARDO LIMA ;999.000.084-00;(11) 90000-0084;42;PORTABILIDADE;1588855;INTEGRADO;FINANTO; R$ 2.971,70 ; R$ 110,47 ; R$ -   ;0,00%;0,00%;0;PICPAY;30/07/2026;04/08/2026;Telefone Receptivo;INSS;NAO;NAO;NAO;05/08/2026;NAO;30/07/2026;
ALINE MARTINS FERREIRA;VANESSA EDUARDO LIMA ;999.000.084-00;(11) 90000-0084;42;REFIN DA PORTABILIDADE;1597499;INTEGRADO;FINANTO; R$ 4.984,90 ; R$ 110,46 ; R$ 1.919,24 ;1,85%;1,91%;108;PICPAY;30/07/2026;;Telefone Receptivo;INSS;SIM;SIM;NAO;10/08/2026;NAO;05/08/2026;
BRUNA CAROLINA SOARES;ADRIANO CAETANO MELO ;999.000.002-00;(11) 90000-0002;42;PORTABILIDADE;658730202;SALDO PAGO;PARANA; R$ 21.893,98 ; R$ 494,82 ; R$ -   ;0,00%;0,00%;0;INBURSA;24/08/2026;31/08/2026;Telefone Receptivo;INSS;NAO;NAO;NAO;31/08/2026;NAO;24/08/2026;
BRUNA CAROLINA SOARES;DANILO VICTOR MORAES ;999.000.022-00;(11) 90000-0022;21;PORTABILIDADE;658707852;INTEGRADO;PARANA; R$ 8.119,90 ; R$ 223,18 ; R$ -   ;0,00%;0,00%;0;PINE;17/08/2026;24/08/2026;Telefone Receptivo;INSS;NAO;NAO;NAO;27/08/2026;NAO;17/08/2026;
BRUNA CAROLINA SOARES;DANILO VICTOR MORAES ;999.000.022-00;(11) 90000-0022;21;REFIN DA PORTABILIDADE;858707863;INTEGRADO;PARANA; R$ 10.357,45 ; R$ 223,18 ; R$ 2.538,34 ;1,67%;1,69%;96;PINE;17/08/2026;;Telefone Receptivo;INSS;SIM;SIM;NAO;27/08/2026;NAO;27/08/2026;
BRUNA CAROLINA SOARES;DANILO VICTOR MORAES ;999.000.022-00;(11) 90000-0022;21;PORTABILIDADE;658707868;INTEGRADO;PARANA; R$ 4.697,80 ; R$ 138,00 ; R$ -   ;0,00%;0,00%;0;PINE;17/08/2026;24/08/2026;Telefone Receptivo;INSS;NAO;NAO;NAO;25/08/2026;NAO;17/08/2026;
BRUNA CAROLINA SOARES;DANILO VICTOR MORAES ;999.000.022-00;(11) 90000-0022;21;REFIN DA PORTABILIDADE;858707875;INTEGRADO;PARANA; R$ 6.111,38 ; R$ 138,00 ; R$ 1.688,73 ;1,80%;1,82%;96;PINE;17/08/2026;;Telefone Receptivo;INSS;SIM;SIM;NAO;27/08/2026;NAO;25/08/2026;
BRUNA CAROLINA SOARES;DEBORA DANIEL REIS ;999.000.024-00;(11) 90000-0024;42;PORTABILIDADE;658663464;INTEGRADO;PARANA; R$ 17.952,67 ; R$ 408,22 ; R$ -   ;0,00%;0,00%;0;DAYCOVAL;03/08/2026;11/08/2026;Telefone Receptivo;INSS;NAO;NAO;NAO;18/08/2026;NAO;03/08/2026;
BRUNA CAROLINA SOARES;DEBORA DANIEL REIS ;999.000.024-00;(11) 90000-0024;42;REFIN DA PORTABILIDADE;858663487;INTEGRADO;PARANA; R$ 20.114,34 ; R$ 408,22 ; R$ 2.161,67 ;1,62%;1,64%;108;DAYCOVAL;03/08/2026;;Telefone Receptivo;INSS;SIM;SIM;NAO;21/08/2026;NAO;18/08/2026;
BRUNA CAROLINA SOARES;ISABELA WILLIAM MORAES ;999.000.044-00;(11) 90000-0044;21;PORTABILIDADE;658701903;INTEGRADO;PARANA; R$ 36.475,79 ; R$ 819,30 ; R$ -   ;0,00%;0,00%;0;INBURSA;13/08/2026;20/08/2026;Telefone Receptivo;INSS;NAO;NAO;NAO;25/08/2026;NAO;13/08/2026;
BRUNA CAROLINA SOARES;ISABELA WILLIAM MORAES ;999.000.044-00;(11) 90000-0044;21;REFIN DA PORTABILIDADE;858701911;INTEGRADO;PARANA; R$ 39.371,92 ; R$ 819,27 ; R$ 297,19 ;1,60%;1,60%;96;INBURSA;13/08/2026;;Telefone Receptivo;INSS;SIM;SIM;NAO;25/08/2026;NAO;25/08/2026;
BRUNA CAROLINA SOARES;JESSICA WILLIAM SANTOS ;999.000.046-00;(11) 90000-0046;42;PORTABILIDADE;658698847;INTEGRADO;PARANA; R$ 46.636,64 ; R$ 1.160,67 ; R$ -   ;0,00%;0,00%;0;PICPAY;13/08/2026;20/08/2026;Telefone Receptivo;INSS;NAO;NAO;NAO;24/08/2026;NAO;13/08/2026;
BRUNA CAROLINA SOARES;JESSICA WILLIAM SANTOS ;999.000.046-00;(11) 90000-0046;42;REFIN DA PORTABILIDADE;858698858;INTEGRADO;PARANA; R$ 57.923,26 ; R$ 1.160,67 ; R$ 11.567,61 ;1,60%;1,62%;108;PICPAY;13/08/2026;;Telefone Receptivo;INSS;SIM;SIM;NAO;25/08/2026;NAO;24/08/2026;
BRUNA CAROLINA SOARES;JESSICA WILLIAM SANTOS ;999.000.046-00;(11) 90000-0046;42;PORTABILIDADE;658698873;INTEGRADO;PARANA; R$ 8.430,55 ; R$ 189,98 ; R$ -   ;0,00%;0,00%;0;PICPAY;13/08/2026;20/08/2026;Telefone Receptivo;INSS;NAO;NAO;NAO;24/08/2026;NAO;13/08/2026;
BRUNA CAROLINA SOARES;JESSICA WILLIAM SANTOS ;999.000.046-00;(11) 90000-0046;42;REFIN DA PORTABILIDADE;858698879;INTEGRADO;PARANA; R$ 9.222,92 ; R$ 189,98 ; R$ 350,90 ;1,68%;1,69%;108;PICPAY;13/08/2026;;Telefone Receptivo;INSS;SIM;SIM;NAO;25/08/2026;NAO;24/08/2026;
BRUNA CAROLINA SOARES;PEDRO FERNANDO DIAS ;999.000.069-00;(11) 90000-0069;42;PORTABILIDADE;658712914;INTEGRADO;PARANA; R$ 74.339,20 ; R$ 1.627,42 ; R$ -   ;0,00%;0,00%;0;INBURSA;17/08/2026;24/08/2026;Telefone Receptivo;INSS;NAO;NAO;NAO;28/08/2026;NAO;17/08/2026;
BRUNA CAROLINA SOARES;PEDRO FERNANDO DIAS ;999.000.069-00;(11) 90000-0069;42;REFIN DA PORTABILIDADE;858712937;INTEGRADO;PARANA; R$ 81.864,54 ; R$ 1.627,39 ; R$ 1.346,72 ;2,14%;1,61%;108;INBURSA;17/08/2026;;Telefone Receptivo;INSS;SIM;SIM;NAO;28/08/2026;NAO;28/08/2026;
BRUNA CAROLINA SOARES;RAQUEL EDUARDO TEIXEIRA;999.000.072-00;(11) 90000-0072;42;MARGEM;858667610;INTEGRADO;PARANA; R$ 4.757,67 ; R$ 110,97 ; R$ 4.757,67 ;1,85%;1,93%;108;;04/08/2026;;Telefone Receptivo;INSS;SIM;SIM;NAO;06/08/2026;NAO;04/08/2026;
BRUNA CAROLINA SOARES;RAUL LUCAS LOPES;999.000.073-00;(11) 90000-0073;21;PORTABILIDADE;658721028;INTEGRADO;PARANA; R$ 62.534,10 ; R$ 1.350,00 ; R$ -   ;0,00%;0,00%;0;PINE;20/08/2026;28/08/2026;Telefone Receptivo;INSS;NAO;NAO;NAO;01/09/2026;NAO;20/08/2026;
BRUNA CAROLINA SOARES;RAUL LUCAS LOPES;999.000.073-00;(11) 90000-0073;21;REFIN DA PORTABILIDADE;858721041;AGUARDANDO ORG;PARANA; R$ 67.965,33 ; R$ 1.350,00 ; R$ 3.919,02 ;1,60%;1,60%;108;PINE;20/08/2026;;Telefone Receptivo;INSS;NAO;NAO;NAO;01/09/2026;NAO;01/09/2026;
BRUNA CAROLINA SOARES;TATIANA DANIEL VIEIRA ;999.000.079-00;(11) 90000-0079;21;PORTABILIDADE;658718056;INTEGRADO;PARANA; R$ 46.538,30 ; R$ 1.051,80 ; R$ -   ;0,00%;0,00%;0;INBURSA;19/08/2026;26/08/2026;Telefone Receptivo;INSS;NAO;NAO;NAO;28/08/2026;NAO;19/08/2026;
BRUNA CAROLINA SOARES;TATIANA DANIEL VIEIRA ;999.000.079-00;(11) 90000-0079;21;REFIN DA PORTABILIDADE;858718068;INTEGRADO;PARANA; R$ 52.914,23 ; R$ 1.051,80 ; R$ 2.461,56 ;1,60%;1,60%;108;INBURSA;19/08/2026;;Telefone Receptivo;INSS;SIM;SIM;NAO;01/09/2026;NAO;28/08/2026;
CAMILA EDUARDA RIBEIRO;AMANDA MIGUEL MARTINS;999.000.005-00;(11) 90000-0005;41;PORTABILIDADE;658649337;INTEGRADO;PARANA; R$ 46.678,27 ; R$ 1.165,00 ; R$ -   ;0,00%;0,00%;0;QI;28/07/2026;06/08/2026;Telefone Receptivo;INSS;NAO;NAO;NAO;07/08/2026;NAO;28/07/2026;
CAMILA EDUARDA RIBEIRO;AMANDA MIGUEL MARTINS;999.000.005-00;(11) 90000-0005;41;REFIN DA PORTABILIDADE;858649340;INTEGRADO;PARANA; R$ 55.931,83 ; R$ 1.165,00 ; R$ 9.253,56 ;1,60%;1,61%;108;QI;28/07/2026;;Telefone Receptivo;INSS;SIM;SIM;NAO;07/08/2026;NAO;07/08/2026;
CAMILA EDUARDA RIBEIRO;BRUNA EDUARDO DIAS;999.000.012-00;(11) 90000-0012;21;PORTABILIDADE;658724942;SALDO PAGO;PARANA; R$ 24.080,74 ; R$ 522,32 ; R$ -   ;0,00%;0,00%;0;AGIBANK;21/08/2026;27/08/2026;Telefone Receptivo;INSS;NAO;NAO;NAO;27/08/2026;NAO;21/08/2026;
CAMILA EDUARDA RIBEIRO;BRUNA EDUARDO DIAS;999.000.012-00;(11) 90000-0012;21;PORTABILIDADE;658724973;SALDO PAGO;PARANA; R$ 17.475,04 ; R$ 379,04 ; R$ -   ;0,00%;0,00%;0;AGIBANK;21/08/2026;27/08/2026;Telefone Receptivo;INSS;NAO;NAO;NAO;27/08/2026;NAO;21/08/2026;
CAMILA EDUARDA RIBEIRO;BRUNA EDUARDO DIAS;999.000.012-00;(11) 90000-0012;21;MARGEM;122849864;INTEGRADO;FACTA; R$ 2.462,21 ; R$ 56,03 ; R$ 2.462,21 ;1,85%;1,85%;108;;10/08/2026;;Telefone Receptivo;INSS;SIM;SIM;NAO;21/08/2026;NAO;10/08/2026;
CAMILA EDUARDA RIBEIRO;DAVI MIGUEL NUNES;999.000.023-00;(11) 90000-0023;46;MARGEM;858756288;AGUARDANDO ORG;PARANA; R$ 24.426,07 ; R$ 549,54 ; R$ 24.426,07 ;1,85%;1,93%;108;;31/08/2026;;Telefone Receptivo;INSS;SIM;NAO;NAO;31/08/2026;NAO;31/08/2026;
CAMILA EDUARDA RIBEIRO;EMANUELA WILLIAM PEREIRA;999.000.027-00;(11) 90000-0027;21;PORTABILIDADE;658651393;INTEGRADO;PARANA; R$ -   ; R$ 441,76 ; R$ -   ;0,00%;0,00%;0;DAYCOVAL;24/07/2026;04/08/2026;Telefone Receptivo;INSS;NAO;NAO;NAO;06/08/2026;NAO;24/07/2026;
CAMILA EDUARDA RIBEIRO;EMANUELA WILLIAM PEREIRA;999.000.027-00;(11) 90000-0027;21;REFIN DA PORTABILIDADE;858651406;INTEGRADO;PARANA; R$ 22.269,25 ; R$ 441,76 ; R$ 2.764,79 ;1,60%;1,61%;108;DAYCOVAL;24/07/2026;;Telefone Receptivo;INSS;SIM;SIM;SIM;10/08/2026;NAO;06/08/2026;
CAMILA EDUARDA RIBEIRO;ENZO VICTOR RIBEIRO;999.000.028-00;(11) 90000-0028;21;PORTABILIDADE;658712767;SALDO PAGO;PARANA; R$ 26.930,61 ; R$ 580,31 ; R$ -   ;0,00%;0,00%;0;INBURSA;17/08/2026;24/08/2026;Telefone Receptivo;INSS;NAO;NAO;NAO;24/08/2026;NAO;17/08/2026;
CAMILA EDUARDA RIBEIRO;ENZO VICTOR RIBEIRO;999.000.028-00;(11) 90000-0028;21;PORTABILIDADE;1621388;INTEGRADO;FINANTO; R$ 2.949,71 ; R$ 75,69 ; R$ -   ;0,00%;0,00%;0;C6 BANK;17/08/2026;24/08/2026;Telefone Receptivo;INSS;NAO;NAO;NAO;28/08/2026;NAO;17/08/2026;
CAMILA EDUARDA RIBEIRO;ENZO VICTOR RIBEIRO;999.000.028-00;(11) 90000-0028;21;REFIN DA PORTABILIDADE;1653383;INTEGRADO;FINANTO; R$ 3.459,44 ; R$ 75,68 ; R$ 593,64 ;1,85%;1,89%;108;C6 BANK;17/08/2026;;Telefone Receptivo;INSS;SIM;SIM;NAO;28/08/2026;NAO;28/08/2026;
CAMILA EDUARDA RIBEIRO;FERNANDA EDUARDO SOUZA;999.000.033-00;(11) 90000-0033;21;PORTABILIDADE;658675287;INTEGRADO;PARANA; R$ 29.030,93 ; R$ 630,91 ; R$ -   ;0,00%;0,00%;0;ITAU;05/08/2026;13/08/2026;Telefone Receptivo;INSS;NAO;NAO;NAO;17/08/2026;NAO;05/08/2026;
CAMILA EDUARDA RIBEIRO;FERNANDA EDUARDO SOUZA;999.000.033-00;(11) 90000-0033;21;REFIN DA PORTABILIDADE;858675304;INTEGRADO;PARANA; R$ 31.490,74 ; R$ 630,91 ; R$ 2.459,81 ;1,60%;1,61%;108;ITAU;05/08/2026;;Telefone Receptivo;INSS;SIM;SIM;NAO;19/08/2026;NAO;17/08/2026;
CAMILA EDUARDA RIBEIRO;FERNANDA EDUARDO SOUZA;999.000.033-00;(11) 90000-0033;21;MARGEM;2456789;INTEGRADO;QUALIBANKING; R$ 1.532,85 ; R$ 35,15 ; R$ 1.532,85 ;1,85%;1,97%;108;;05/08/2026;;Telefone Receptivo;INSS;SIM;SIM;NAO;13/08/2026;NAO;05/08/2026;
CAMILA EDUARDA RIBEIRO;GEOVANA MIGUEL GOMES ;999.000.037-00;(11) 90000-0037;21;PORTABILIDADE;658623699;INTEGRADO;PARANA; R$ 3.943,02 ; R$ 142,55 ; R$ -   ;0,00%;0,00%;0;INBURSA;03/07/2026;10/07/2026;Telefone Receptivo;INSS;NAO;NAO;NAO;04/08/2026;NAO;03/07/2026;
CAMILA EDUARDA RIBEIRO;JULIANO PAULO GOMES ;999.000.049-00;(11) 90000-0049;21;PORTABILIDADE;832464320;INTEGRADO;DAYCOVAL; R$ 7.942,12 ; R$ 221,07 ; R$ -   ;0,00%;0,00%;0;INBURSA;26/06/2026;08/07/2026;Telefone Receptivo;INSS;NAO;NAO;NAO;07/08/2026;NAO;26/06/2026;
CAMILA EDUARDA RIBEIRO;LETICIA MIGUEL COSTA ;999.000.055-00;(11) 90000-0055;41;PORTABILIDADE;658705617;INTEGRADO;PARANA; R$ 21.503,40 ; R$ 1.153,21 ; R$ -   ;0,00%;0,00%;0;CREFISA;14/08/2026;21/08/2026;Telefone Receptivo;INSS;NAO;NAO;NAO;24/08/2026;NAO;14/08/2026;
CAMILA EDUARDA RIBEIRO;LETICIA MIGUEL COSTA ;999.000.055-00;(11) 90000-0055;41;REFIN DA PORTABILIDADE;858705668;INTEGRADO;PARANA; R$ 50.809,18 ; R$ 1.153,21 ; R$ 28.747,27 ;1,62%;1,68%;84;CREFISA;14/08/2026;;Telefone Receptivo;INSS;SIM;SIM;NAO;24/08/2026;NAO;24/08/2026;
CAMILA EDUARDA RIBEIRO;LETICIA MIGUEL COSTA ;999.000.055-00;(11) 90000-0055;41;PORTABILIDADE;658705683;INTEGRADO;PARANA; R$ 18.998,00 ; R$ 461,30 ; R$ -   ;0,00%;0,00%;0;NUBANK;14/08/2026;21/08/2026;Telefone Receptivo;INSS;NAO;NAO;NAO;24/08/2026;NAO;14/08/2026;
CAMILA EDUARDA RIBEIRO;LETICIA MIGUEL COSTA ;999.000.055-00;(11) 90000-0055;41;REFIN DA PORTABILIDADE;858705701;INTEGRADO;PARANA; R$ 19.725,35 ; R$ 461,30 ; R$ 176,65 ;1,76%;1,77%;84;NUBANK;14/08/2026;;Telefone Receptivo;INSS;SIM;SIM;NAO;24/08/2026;NAO;24/08/2026;
CAMILA EDUARDA RIBEIRO;RENAN LUCAS CARVALHO ;999.000.074-00;(11) 90000-0074;41;PORTABILIDADE;658644770;INTEGRADO;PARANA; R$ 18.964,48 ; R$ 500,00 ; R$ -   ;0,00%;0,00%;0;PINE;28/07/2026;06/08/2026;Telefone Receptivo;INSS;NAO;NAO;NAO;06/08/2026;NAO;28/07/2026;
CAMILA EDUARDA RIBEIRO;RENAN LUCAS CARVALHO ;999.000.074-00;(11) 90000-0074;41;REFIN DA PORTABILIDADE;858644784;INTEGRADO;PARANA; R$ 24.572,79 ; R$ 500,00 ; R$ 5.808,33 ;1,61%;1,63%;108;PINE;28/07/2026;;Telefone Receptivo;INSS;SIM;SIM;NAO;10/08/2026;NAO;06/08/2026;
CAMILA EDUARDA RIBEIRO;TIAGO DANIEL RAMOS;999.000.081-00;(11) 90000-0081;41;PORTABILIDADE;658668788;INTEGRADO;PARANA; R$ 15.345,35 ; R$ 422,88 ; R$ -   ;0,00%;0,00%;0;INBURSA;04/08/2026;11/08/2026;Telefone Receptivo;INSS;NAO;NAO;NAO;13/08/2026;NAO;04/08/2026;
CAMILA EDUARDA RIBEIRO;TIAGO DANIEL RAMOS;999.000.081-00;(11) 90000-0081;41;REFIN DA PORTABILIDADE;858668823;INTEGRADO;PARANA; R$ 20.027,10 ; R$ 422,88 ; R$ 4.681,75 ;1,60%;1,62%;96;INBURSA;04/08/2026;;Telefone Receptivo;INSS;SIM;SIM;NAO;13/08/2026;NAO;13/08/2026;
CAMILA EDUARDA RIBEIRO;URIEL SILVIO PACHECO ;999.000.082-00;(11) 90000-0082;42;PORTABILIDADE;658690179;INTEGRADO;PARANA; R$ 19.685,67 ; R$ 494,82 ; R$ -   ;0,00%;0,00%;0;PINE;11/08/2026;18/08/2026;Telefone Receptivo;INSS;NAO;NAO;NAO;20/08/2026;NAO;11/08/2026;
CAMILA EDUARDA RIBEIRO;URIEL SILVIO PACHECO ;999.000.082-00;(11) 90000-0082;42;REFIN DA PORTABILIDADE;858690199;INTEGRADO;PARANA; R$ 24.676,87 ; R$ 494,82 ; R$ 4.640,77 ;1,60%;1,62%;108;PINE;11/08/2026;;Telefone Receptivo;INSS;SIM;SIM;NAO;24/08/2026;NAO;20/08/2026;
CAMILA EDUARDA RIBEIRO;URIEL SILVIO PACHECO ;999.000.082-00;(11) 90000-0082;42;PORTABILIDADE;658690243;INTEGRADO;PARANA; R$ 6.014,06 ; R$ 151,17 ; R$ -   ;0,00%;0,00%;0;PINE;11/08/2026;18/08/2026;Telefone Receptivo;INSS;NAO;NAO;NAO;20/08/2026;NAO;11/08/2026;
CAMILA EDUARDA RIBEIRO;URIEL SILVIO PACHECO ;999.000.082-00;(11) 90000-0082;42;REFIN DA PORTABILIDADE;858690254;INTEGRADO;PARANA; R$ 7.532,96 ; R$ 151,17 ; R$ 1.603,25 ;1,60%;1,62%;108;PINE;11/08/2026;;Telefone Receptivo;INSS;SIM;SIM;NAO;24/08/2026;NAO;20/08/2026;
CAMILA EDUARDA RIBEIRO;URIEL SILVIO PACHECO ;999.000.082-00;(11) 90000-0082;42;PORTABILIDADE;658690264;INTEGRADO;PARANA; R$ 5.696,19 ; R$ 143,18 ; R$ -   ;0,00%;0,00%;0;PINE;11/08/2026;18/08/2026;Telefone Receptivo;INSS;NAO;NAO;NAO;19/08/2026;NAO;11/08/2026;
CAMILA EDUARDA RIBEIRO;URIEL SILVIO PACHECO ;999.000.082-00;(11) 90000-0082;42;REFIN DA PORTABILIDADE;858690272;INTEGRADO;PARANA; R$ 6.973,31 ; R$ 143,18 ; R$ 1.513,73 ;1,65%;1,67%;108;PINE;11/08/2026;;Telefone Receptivo;INSS;SIM;SIM;NAO;24/08/2026;NAO;19/08/2026;
CAMILA EDUARDA RIBEIRO;URIEL SILVIO PACHECO ;999.000.082-00;(11) 90000-0082;42;PORTABILIDADE;658690217;INTEGRADO;PARANA; R$ 5.171,85 ; R$ 130,00 ; R$ -   ;0,00%;0,00%;0;PINE;11/08/2026;18/08/2026;Telefone Receptivo;INSS;NAO;NAO;NAO;19/08/2026;NAO;11/08/2026;
CAMILA EDUARDA RIBEIRO;URIEL SILVIO PACHECO ;999.000.082-00;(11) 90000-0082;42;REFIN DA PORTABILIDADE;858690229;INTEGRADO;PARANA; R$ 6.479,87 ; R$ 130,00 ; R$ 1.321,68 ;1,60%;1,62%;108;PINE;11/08/2026;;Telefone Receptivo;INSS;SIM;SIM;NAO;24/08/2026;NAO;19/08/2026;
DANIELA CRISTINA MORAES;BRUNO MIGUEL CAMPOS ;999.000.013-00;(11) 90000-0013;41;PORTABILIDADE;658700097;INTEGRADO;PARANA; R$ 14.843,50 ; R$ 385,20 ; R$ -   ;0,00%;0,00%;0;SANTANDER;13/08/2026;20/08/2026;Telefone Receptivo;INSS;NAO;NAO;NAO;21/08/2026;NAO;13/08/2026;
DANIELA CRISTINA MORAES;BRUNO MIGUEL CAMPOS ;999.000.013-00;(11) 90000-0013;41;REFIN DA PORTABILIDADE;858700110;INTEGRADO;PARANA; R$ 18.950,62 ; R$ 385,20 ; R$ 4.023,05 ;1,63%;1,65%;108;SANTANDER;13/08/2026;;Telefone Receptivo;INSS;SIM;SIM;NAO;24/08/2026;NAO;21/08/2026;
DANIELA CRISTINA MORAES;BRUNO MIGUEL CAMPOS ;999.000.013-00;(11) 90000-0013;41;PORTABILIDADE;1611824;INTEGRADO;FINANTO; R$ 2.429,82 ; R$ 76,80 ; R$ -   ;0,00%;0,00%;0;SANTANDER;13/08/2026;20/08/2026;Telefone Receptivo;INSS;NAO;NAO;NAO;24/08/2026;NAO;13/08/2026;
DANIELA CRISTINA MORAES;BRUNO MIGUEL CAMPOS ;999.000.013-00;(11) 90000-0013;41;REFIN DA PORTABILIDADE;1611825;INTEGRADO;FINANTO; R$ 3.478,15 ; R$ 76,79 ; R$ 1.036,36 ;1,85%;1,90%;108;SANTANDER;13/08/2026;;Telefone Receptivo;INSS;SIM;SIM;NAO;24/08/2026;NAO;24/08/2026;
DANIELA CRISTINA MORAES;CAROLINA DANIEL MOREIRA ;999.000.016-00;(11) 90000-0016;42;PORTABILIDADE;658685162;INTEGRADO;PARANA; R$ 16.483,77 ; R$ 393,00 ; R$ -   ;0,00%;0,00%;0;SICRED;11/08/2026;17/08/2026;Telefone Receptivo;INSS;NAO;NAO;NAO;18/08/2026;NAO;11/08/2026;
DANIELA CRISTINA MORAES;CAROLINA DANIEL MOREIRA ;999.000.016-00;(11) 90000-0016;42;REFIN DA PORTABILIDADE;858685175;INTEGRADO;PARANA; R$ 19.606,63 ; R$ 393,00 ; R$ 3.122,86 ;1,60%;1,61%;108;SICRED;11/08/2026;;Telefone Receptivo;INSS;SIM;SIM;SIM;19/08/2026;NAO;18/08/2026;
DANIELA CRISTINA MORAES;CAROLINA DANIEL MOREIRA ;999.000.016-00;(11) 90000-0016;42;MARGEM;858685220;INTEGRADO;PARANA; R$ 5.169,04 ; R$ 117,84 ; R$ 5.169,04 ;1,85%;1,93%;108;;10/08/2026;;Telefone Receptivo;INSS;SIM;SIM;NAO;13/08/2026;NAO;10/08/2026;
DANIELA CRISTINA MORAES;CESAR VICTOR FERREIRA ;999.000.019-00;(11) 90000-0019;57;PORTABILIDADE;658687760;INTEGRADO;PARANA; R$ 16.986,17 ; R$ 456,10 ; R$ -   ;0,00%;0,00%;0;FACTA;11/08/2026;14/08/2026;Telefone Receptivo;INSS;NAO;NAO;NAO;28/08/2026;NAO;11/08/2026;
DANIELA CRISTINA MORAES;CESAR VICTOR FERREIRA ;999.000.019-00;(11) 90000-0019;57;REFIN DA PORTABILIDADE;858687778;INTEGRADO;PARANA; R$ 22.585,72 ; R$ 456,10 ; R$ 5.599,55 ;1,62%;1,65%;108;FACTA;11/08/2026;;Telefone Receptivo;INSS;SIM;SIM;SIM;28/08/2026;NAO;28/08/2026;
DANIELA CRISTINA MORAES;CESAR VICTOR FERREIRA ;999.000.019-00;(11) 90000-0019;57;PORTABILIDADE;658694360;INTEGRADO;PARANA; R$ 18.095,04 ; R$ 386,10 ; R$ -   ;0,00%;0,00%;0;DAYCOVAL;11/08/2026;13/08/2026;Telefone Receptivo;INSS;NAO;NAO;NAO;17/08/2026;NAO;11/08/2026;
DANIELA CRISTINA MORAES;CESAR VICTOR FERREIRA ;999.000.019-00;(11) 90000-0019;57;REFIN DA PORTABILIDADE;858694364;INTEGRADO;PARANA; R$ 19.291,66 ; R$ 386,10 ; R$ 1.196,62 ;1,60%;1,61%;108;DAYCOVAL;11/08/2026;;Telefone Receptivo;INSS;SIM;SIM;NAO;17/08/2026;NAO;17/08/2026;
DANIELA CRISTINA MORAES;FABIO TOMÁS SANTOS ;999.000.031-00;(11) 90000-0031;21;PORTABILIDADE;658684655;INTEGRADO;PARANA; R$ 20.810,75 ; R$ 531,30 ; R$ -   ;0,00%;0,00%;0;PINE;02/08/2026;17/08/2026;Telefone Receptivo;INSS;NAO;NAO;NAO;18/08/2026;NAO;02/08/2026;
DANIELA CRISTINA MORAES;FABIO TOMÁS SANTOS ;999.000.031-00;(11) 90000-0031;21;REFIN DA PORTABILIDADE;858684672;INTEGRADO;PARANA; R$ 24.985,76 ; R$ 531,30 ; R$ 4.175,01 ;1,74%;1,76%;108;PINE;02/08/2026;;Telefone Receptivo;INSS;SIM;SIM;NAO;19/08/2026;NAO;18/08/2026;
DANIELA CRISTINA MORAES;IGOR HENRIQUE CASTRO;999.000.042-00;(11) 90000-0042;42;REFIN DA PORTABILIDADE;1596230;AGUARDANDO ORG;FINANTO; R$ 2.483,81 ; R$ 54,45 ; R$ 971,98 ;1,83%;1,89%;108;SAFRA;17/07/2026;;Telefone Receptivo;INSS;NAO;NAO;NAO;30/07/2026;NAO;30/07/2026;
DANIELA CRISTINA MORAES;IVANA DANIEL NUNES;999.000.045-00;(11) 90000-0045;21;PORTABILIDADE;658698457;INTEGRADO;PARANA; R$ 20.432,98 ; R$ 415,11 ; R$ -   ;0,00%;0,00%;0;INBURSA;12/08/2026;19/08/2026;Telefone Receptivo;INSS;NAO;NAO;NAO;21/08/2026;NAO;12/08/2026;
DANIELA CRISTINA MORAES;IVANA DANIEL NUNES;999.000.045-00;(11) 90000-0045;21;REFIN DA PORTABILIDADE;858698487;INTEGRADO;PARANA; R$ 20.824,98 ; R$ 415,11 ; R$ 392,00 ;1,60%;1,60%;108;INBURSA;12/08/2026;;Telefone Receptivo;INSS;SIM;SIM;NAO;26/08/2026;NAO;21/08/2026;
DANIELA CRISTINA MORAES;KARINA EDUARDO ARAUJO;999.000.050-00;(11) 90000-0050;21;PORTABILIDADE;658610908;INTEGRADO;PARANA; R$ -   ; R$ 596,37 ; R$ -   ;0,00%;0,00%;0;FACTA;14/07/2026;29/07/2026;Telefone Receptivo;INSS;NAO;NAO;NAO;04/08/2026;NAO;14/07/2026;
DANIELA CRISTINA MORAES;KARINA EDUARDO ARAUJO;999.000.050-00;(11) 90000-0050;21;PORTABILIDADE;658653359;INTEGRADO;PARANA; R$ 6.930,64 ; R$ 179,68 ; R$ -   ;0,00%;0,00%;0;FACTA;14/07/2026;06/08/2026;Telefone Receptivo;INSS;NAO;NAO;NAO;14/08/2026;NAO;14/07/2026;
DANIELA CRISTINA MORAES;KARINA EDUARDO ARAUJO;999.000.050-00;(11) 90000-0050;21;REFIN DA PORTABILIDADE;858653368;INTEGRADO;PARANA; R$ 8.617,85 ; R$ 179,68 ; R$ 1.687,21 ;1,60%;1,61%;108;FACTA;14/07/2026;;Telefone Receptivo;INSS;SIM;SIM;NAO;14/08/2026;NAO;14/08/2026;
DANIELA CRISTINA MORAES;KARINA EDUARDO ARAUJO;999.000.050-00;(11) 90000-0050;21;PORTABILIDADE;658653851;INTEGRADO;PARANA; R$ -   ; R$ 173,78 ; R$ -   ;0,00%;0,00%;0;FACTA;14/07/2026;10/08/2026;Telefone Receptivo;INSS;NAO;NAO;NAO;11/08/2026;NAO;14/07/2026;
DANIELA CRISTINA MORAES;KARINA EDUARDO ARAUJO;999.000.050-00;(11) 90000-0050;21;REFIN DA PORTABILIDADE;858653855;INTEGRADO;PARANA; R$ 8.073,91 ; R$ 173,78 ; R$ 1.837,07 ;1,67%;1,69%;108;FACTA;14/07/2026;;Telefone Receptivo;INSS;SIM;SIM;NAO;14/08/2026;NAO;11/08/2026;
DANIELA CRISTINA MORAES;KARINA EDUARDO ARAUJO;999.000.050-00;(11) 90000-0050;21;PORTABILIDADE;658653377;INTEGRADO;PARANA; R$ 5.460,65 ; R$ 141,57 ; R$ -   ;0,00%;0,00%;0;FACTA;14/07/2026;06/08/2026;Telefone Receptivo;INSS;NAO;NAO;NAO;14/08/2026;NAO;14/07/2026;
DANIELA CRISTINA MORAES;KARINA EDUARDO ARAUJO;999.000.050-00;(11) 90000-0050;21;REFIN DA PORTABILIDADE;858653382;INTEGRADO;PARANA; R$ 6.790,00 ; R$ 141,57 ; R$ 1.329,35 ;1,60%;1,62%;108;FACTA;14/07/2026;;Telefone Receptivo;INSS;SIM;SIM;NAO;14/08/2026;NAO;14/08/2026;
DANIELA CRISTINA MORAES;KELVIN ANTÔNIO MONTEIRO;999.000.052-00;(11) 90000-0052;32;PORTABILIDADE;2429268;INTEGRADO;QUALIBANKING; R$ 16.531,49 ; R$ 424,20 ; R$ -   ;0,00%;0,00%;0;;24/07/2026;30/07/2026;Telefone Receptivo;INSS;NAO;NAO;NAO;04/08/2026;NAO;24/07/2026;
DANIELA CRISTINA MORAES;NOAH WILLIAM ALVES ;999.000.064-00;(11) 90000-0064;32;MARGEM;858729934;INTEGRADO;PARANA; R$ 13.094,51 ; R$ 308,00 ; R$ 13.094,51 ;1,85%;1,94%;108;;21/08/2026;;Telefone Receptivo;INSS;SIM;SIM;NAO;24/08/2026;NAO;21/08/2026;
DANIELA CRISTINA MORAES;OTÁVIO BENEDITO ALMEIDA;999.000.067-00;(11) 90000-0067;21;PORTABILIDADE;1592842;INTEGRADO;FINANTO; R$ 19.192,14 ; R$ 476,70 ; R$ -   ;0,00%;0,00%;0;C6 BANK;03/08/2026;11/08/2026;Telefone Receptivo;INSS;NAO;NAO;NAO;14/08/2026;NAO;03/08/2026;
DANIELA CRISTINA MORAES;OTÁVIO BENEDITO ALMEIDA;999.000.067-00;(11) 90000-0067;21;REFIN DA PORTABILIDADE;1611120;INTEGRADO;FINANTO; R$ 21.744,86 ; R$ 476,69 ; R$ 2.447,83 ;1,83%;1,87%;108;C6 BANK;03/08/2026;;Telefone Receptivo;INSS;SIM;SIM;NAO;14/08/2026;NAO;14/08/2026;
DANIELA CRISTINA MORAES;OTÁVIO BENEDITO ALMEIDA;999.000.067-00;(11) 90000-0067;21;PORTABILIDADE;1592849;INTEGRADO;FINANTO; R$ 1.360,67 ; R$ 91,91 ; R$ -   ;0,00%;0,00%;0;SANTANDER;03/08/2026;10/08/2026;Telefone Receptivo;INSS;NAO;NAO;NAO;13/08/2026;NAO;03/08/2026;
DANIELA CRISTINA MORAES;OTÁVIO BENEDITO ALMEIDA;999.000.067-00;(11) 90000-0067;21;REFIN DA PORTABILIDADE;1592850;INTEGRADO;FINANTO; R$ 4.165,09 ; R$ 91,90 ; R$ 2.705,16 ;1,85%;1,94%;108;SANTANDER;03/08/2026;;Telefone Receptivo;INSS;SIM;SIM;NAO;14/08/2026;NAO;13/08/2026;
DANIELA CRISTINA MORAES;SANDRO RODRIGO MOREIRA;999.000.077-00;(11) 90000-0077;46;PORTABILIDADE;658650538;INTEGRADO;PARANA; R$ 25.956,06 ; R$ 610,34 ; R$ -   ;0,00%;0,00%;0;DAYCOVAL;02/08/2026;07/08/2026;Telefone Receptivo;INSS;NAO;NAO;NAO;12/08/2026;NAO;02/08/2026;
DANIELA CRISTINA MORAES;SANDRO RODRIGO MOREIRA;999.000.077-00;(11) 90000-0077;46;REFIN DA PORTABILIDADE;858710482;INTEGRADO;PARANA; R$ 30.460,72 ; R$ 610,34 ; R$ 4.433,50 ;1,60%;1,61%;108;DAYCOVAL;02/08/2026;;Telefone Receptivo;INSS;SIM;SIM;NAO;20/08/2026;NAO;12/08/2026;
DANIELA CRISTINA MORAES;SANDRO RODRIGO MOREIRA;999.000.077-00;(11) 90000-0077;46;MARGEM;858759364;AGUARDANDO ORG;PARANA; R$ 9.976,40 ; R$ 224,45 ; R$ 9.976,40 ;1,85%;2,26%;108;;31/08/2026;;Telefone Receptivo;INSS;SIM;NAO;NAO;31/08/2026;NAO;31/08/2026;
DANIELA CRISTINA MORAES;SANDRO RODRIGO MOREIRA;999.000.077-00;(11) 90000-0077;46;SAQUE COMPLEMENTAR;6009584;AGUARDANDO ORG;DAYCOVAL; R$ 2.137,00 ; R$ 60,52 ; R$ 2.137,00 ;2,46%;2,46%;99;;24/08/2026;;Telefone Receptivo;INSS;SIM;NAO;NAO;24/08/2026;NAO;24/08/2026;
DANIELA CRISTINA MORAES;SANDRO RODRIGO MOREIRA;999.000.077-00;(11) 90000-0077;46;PORTABILIDADE;1589386;INTEGRADO;FINANTO; R$ 1.733,32 ; R$ 54,38 ; R$ -   ;0,00%;0,00%;0;DAYCOVAL;02/08/2026;19/08/2026;Telefone Receptivo;INSS;NAO;NAO;NAO;24/08/2026;NAO;02/08/2026;
DANIELA CRISTINA MORAES;SANDRO RODRIGO MOREIRA;999.000.077-00;(11) 90000-0077;46;REFIN DA PORTABILIDADE;1604698;INTEGRADO;FINANTO; R$ 2.483,16 ; R$ 54,37 ; R$ 718,78 ;1,83%;1,88%;108;DAYCOVAL;02/08/2026;;Telefone Receptivo;INSS;SIM;SIM;NAO;24/08/2026;NAO;24/08/2026;
DANIELA CRISTINA MORAES;SANDRO RODRIGO MOREIRA;999.000.077-00;(11) 90000-0077;46;PORTABILIDADE;1589382;INTEGRADO;FINANTO; R$ 2.023,05 ; R$ 52,49 ; R$ -   ;0,00%;0,00%;0;C6 BANK;02/08/2026;19/08/2026;Telefone Receptivo;INSS;NAO;NAO;NAO;24/08/2026;NAO;02/08/2026;
DANIELA CRISTINA MORAES;SANDRO RODRIGO MOREIRA;999.000.077-00;(11) 90000-0077;46;REFIN DA PORTABILIDADE;1634920;INTEGRADO;FINANTO; R$ 2.409,92 ; R$ 52,48 ; R$ 371,86 ;1,83%;1,87%;108;C6 BANK;02/08/2026;;Telefone Receptivo;INSS;SIM;SIM;NAO;24/08/2026;NAO;24/08/2026;
DANIELA CRISTINA MORAES;SERGIO RODRIGO FREITAS;999.000.078-00;(11) 90000-0078;41;PORTABILIDADE;658647658;INTEGRADO;PARANA; R$ 25.615,21 ; R$ 652,82 ; R$ -   ;0,00%;0,00%;0;FACTA;21/07/2026;28/07/2026;Telefone Receptivo;INSS;NAO;NAO;NAO;07/08/2026;NAO;21/07/2026;
DANIELA CRISTINA MORAES;SERGIO RODRIGO FREITAS;999.000.078-00;(11) 90000-0078;41;MARGEM;858759367;AGUARDANDO ORG;PARANA; R$ 7.600,65 ; R$ 171,00 ; R$ 7.600,65 ;1,85%;2,20%;108;;31/08/2026;;Rede Social;INSS;SIM;NAO;NAO;31/08/2026;NAO;31/08/2026;
DANIELA CRISTINA MORAES;VINICIUS ANDRÉ RODRIGUES ;999.000.085-00;(11) 90000-0085;42;PORTABILIDADE;658675122;INTEGRADO;PARANA; R$ 24.472,15 ; R$ 636,30 ; R$ -   ;0,00%;0,00%;0;AGIBANK;06/08/2026;13/08/2026;Telefone Receptivo;INSS;NAO;NAO;NAO;17/08/2026;NAO;06/08/2026;
DANIELA CRISTINA MORAES;VINICIUS ANDRÉ RODRIGUES ;999.000.085-00;(11) 90000-0085;42;REFIN DA PORTABILIDADE;858675148;INTEGRADO;PARANA; R$ 30.209,38 ; R$ 636,30 ; R$ 5.737,23 ;1,60%;1,62%;96;AGIBANK;06/08/2026;;Telefone Receptivo;INSS;SIM;SIM;NAO;17/08/2026;NAO;17/08/2026;
DANIELA CRISTINA MORAES;VINICIUS ANDRÉ RODRIGUES ;999.000.085-00;(11) 90000-0085;42;PORTABILIDADE;658675160;INTEGRADO;PARANA; R$ 17.793,90 ; R$ 462,66 ; R$ -   ;0,00%;0,00%;0;AGIBANK;06/08/2026;13/08/2026;Telefone Receptivo;INSS;NAO;NAO;NAO;17/08/2026;NAO;06/08/2026;
DANIELA CRISTINA MORAES;VINICIUS ANDRÉ RODRIGUES ;999.000.085-00;(11) 90000-0085;42;REFIN DA PORTABILIDADE;858675172;INTEGRADO;PARANA; R$ 21.965,54 ; R$ 462,66 ; R$ 4.171,64 ;1,60%;1,62%;96;AGIBANK;06/08/2026;;Telefone Receptivo;INSS;SIM;SIM;NAO;17/08/2026;NAO;17/08/2026;
DANIELA CRISTINA MORAES;VIVIANE MIGUEL OLIVEIRA;999.000.087-00;(11) 90000-0087;21;PORTABILIDADE;658664171;INTEGRADO;PARANA; R$ 18.210,97 ; R$ 443,61 ; R$ -   ;0,00%;0,00%;0;INBURSA;14/07/2026;12/08/2026;Telefone Receptivo;INSS;NAO;NAO;NAO;18/08/2026;NAO;14/07/2026;
DANIELA CRISTINA MORAES;VIVIANE MIGUEL OLIVEIRA;999.000.087-00;(11) 90000-0087;21;REFIN DA PORTABILIDADE;858664176;INTEGRADO;PARANA; R$ 22.061,99 ; R$ 443,61 ; R$ 3.851,02 ;1,60%;1,61%;108;INBURSA;14/07/2026;;Telefone Receptivo;INSS;SIM;SIM;NAO;19/08/2026;NAO;18/08/2026;
DANIELA CRISTINA MORAES;YASMIN DANIEL SILVA ;999.000.090-00;(11) 90000-0090;21;PORTABILIDADE;658679224;INTEGRADO;PARANA; R$ 26.717,87 ; R$ 552,28 ; R$ -   ;0,00%;0,00%;0;FACTA;06/08/2026;13/08/2026;Telefone Receptivo;INSS;NAO;NAO;NAO;20/08/2026;NAO;06/08/2026;
DANIELA CRISTINA MORAES;YASMIN DANIEL SILVA ;999.000.090-00;(11) 90000-0090;21;REFIN DA PORTABILIDADE;858679231;AGUARDANDO ORG;PARANA; R$ 27.606,71 ; R$ 552,28 ; R$ 888,84 ;1,60%;1,60%;108;FACTA;06/08/2026;;Telefone Receptivo;INSS;NAO;NAO;NAO;20/08/2026;NAO;20/08/2026;
DANIELA CRISTINA MORAES;YASMIN DANIEL SILVA ;999.000.090-00;(11) 90000-0090;21;PORTABILIDADE;658701695;INTEGRADO;PARANA; R$ 12.838,90 ; R$ 292,01 ; R$ -   ;0,00%;0,00%;0;DAYCOVAL;07/08/2026;21/08/2026;Telefone Receptivo;INSS;NAO;NAO;NAO;27/08/2026;NAO;07/08/2026;
DANIELA CRISTINA MORAES;YASMIN DANIEL SILVA ;999.000.090-00;(11) 90000-0090;21;REFIN DA PORTABILIDADE;858701702;AGUARDANDO ORG;PARANA; R$ 14.094,81 ; R$ 292,01 ; R$ 1.445,92 ;1,69%;1,70%;108;DAYCOVAL;07/08/2026;;Telefone Receptivo;INSS;NAO;NAO;NAO;27/08/2026;NAO;27/08/2026;
DANIELA CRISTINA MORAES;YASMIN DANIEL SILVA ;999.000.090-00;(11) 90000-0090;21;PORTABILIDADE;658701735;SALDO PAGO;PARANA; R$ 7.963,01 ; R$ 207,00 ; R$ -   ;0,00%;0,00%;0;;07/08/2026;24/08/2026;Telefone Receptivo;INSS;NAO;NAO;NAO;24/08/2026;NAO;07/08/2026;
DANIELA CRISTINA MORAES;YASMIN DANIEL SILVA ;999.000.090-00;(11) 90000-0090;21;PORTABILIDADE;658701799;SALDO PAGO;PARANA; R$ 6.629,10 ; R$ 149,00 ; R$ -   ;0,00%;0,00%;0;FACTA;07/08/2026;20/08/2026;Telefone Receptivo;INSS;NAO;NAO;NAO;20/08/2026;NAO;07/08/2026;
ELISA FERNANDA COSTA;ANA DANIEL PINHEIRO ;999.000.006-00;(11) 90000-0006;42;PORTABILIDADE;658641926;INTEGRADO;PARANA; R$ 41.863,22 ; R$ 1.031,82 ; R$ -   ;0,00%;0,00%;0;PINE;28/07/2026;04/08/2026;Telefone Receptivo;INSS;NAO;NAO;NAO;05/08/2026;NAO;28/07/2026;
ELISA FERNANDA COSTA;ANA DANIEL PINHEIRO ;999.000.006-00;(11) 90000-0006;42;REFIN DA PORTABILIDADE;858641950;AGUARDANDO ORG;PARANA; R$ 61.921,21 ; R$ 1.031,82 ; R$ 9.388,01 ;1,60%;1,61%;108;PINE;28/07/2026;;Telefone Receptivo;INSS;NAO;NAO;NAO;05/08/2026;NAO;05/08/2026;
ELISA FERNANDA COSTA;ANA DANIEL PINHEIRO ;999.000.006-00;(11) 90000-0006;42;PORTABILIDADE;658641959;INTEGRADO;PARANA; R$ 7.471,60 ; R$ 185,95 ; R$ -   ;0,00%;0,00%;0;PINE;28/07/2026;04/08/2026;Telefone Receptivo;INSS;NAO;NAO;NAO;05/08/2026;NAO;28/07/2026;
ELISA FERNANDA COSTA;ANA DANIEL PINHEIRO ;999.000.006-00;(11) 90000-0006;42;REFIN DA PORTABILIDADE;858641965;AGUARDANDO ORG;PARANA; R$ 9.331,94 ; R$ 185,95 ; R$ 2.010,82 ;1,60%;1,62%;108;PINE;28/07/2026;;Telefone Receptivo;INSS;NAO;NAO;NAO;05/08/2026;NAO;05/08/2026;
ELISA FERNANDA COSTA;ANA DANIEL PINHEIRO ;999.000.006-00;(11) 90000-0006;42;PORTABILIDADE;658641979;INTEGRADO;PARANA; R$ 6.649,90 ; R$ 165,50 ; R$ -   ;0,00%;0,00%;0;PINE;28/07/2026;04/08/2026;Telefone Receptivo;INSS;NAO;NAO;NAO;05/08/2026;NAO;28/07/2026;
ELISA FERNANDA COSTA;ANA DANIEL PINHEIRO ;999.000.006-00;(11) 90000-0006;42;REFIN DA PORTABILIDADE;858641990;AGUARDANDO ORG;PARANA; R$ 8.324,09 ; R$ 165,50 ; R$ 1.627,65 ;1,60%;1,62%;108;PINE;28/07/2026;;Telefone Receptivo;INSS;NAO;NAO;NAO;05/08/2026;NAO;05/08/2026;
ELISA FERNANDA COSTA;ARTHUR ANDRÉ BATISTA ;999.000.007-00;(11) 90000-0007;42;PORTABILIDADE;658677362;INTEGRADO;PARANA; R$ 52.175,10 ; R$ 1.142,07 ; R$ -   ;0,00%;0,00%;0;INBURSA;06/08/2026;13/08/2026;Telefone Receptivo;INSS;NAO;NAO;NAO;18/08/2026;NAO;06/08/2026;
ELISA FERNANDA COSTA;ARTHUR ANDRÉ BATISTA ;999.000.007-00;(11) 90000-0007;42;REFIN DA PORTABILIDADE;858677382;INTEGRADO;PARANA; R$ 56.992,64 ; R$ 1.142,07 ; R$ 4.817,54 ;1,60%;1,61%;108;INBURSA;06/08/2026;;Telefone Receptivo;INSS;SIM;SIM;NAO;19/08/2026;NAO;18/08/2026;
ELISA FERNANDA COSTA;ARTHUR ANDRÉ BATISTA ;999.000.007-00;(11) 90000-0007;42;MARGEM;858677397;INTEGRADO;PARANA; R$ 8.584,70 ; R$ 196,20 ; R$ 8.584,70 ;1,85%;1,93%;108;;06/08/2026;;Telefone Receptivo;INSS;SIM;SIM;NAO;19/08/2026;NAO;06/08/2026;
ELISA FERNANDA COSTA;ARTHUR ANDRÉ BATISTA ;999.000.007-00;(11) 90000-0007;42;PORTABILIDADE;1599592;INTEGRADO;FINANTO; R$ 2.926,04 ; R$ 103,20 ; R$ -   ;0,00%;0,00%;0;MERCANTIL;06/08/2026;14/08/2026;Telefone Receptivo;INSS;NAO;NAO;NAO;21/08/2026;NAO;06/08/2026;
ELISA FERNANDA COSTA;ARTHUR ANDRÉ BATISTA ;999.000.007-00;(11) 90000-0007;42;REFIN DA PORTABILIDADE;1599593;INTEGRADO;FINANTO; R$ 4.493,23 ; R$ 103,20 ; R$ 1.503,31 ;1,85%;1,91%;96;MERCANTIL;06/08/2026;;Telefone Receptivo;INSS;SIM;SIM;NAO;24/08/2026;NAO;21/08/2026;
ELISA FERNANDA COSTA;ARTHUR ANDRÉ BATISTA ;999.000.007-00;(11) 90000-0007;42;PORTABILIDADE;1599590;INTEGRADO;FINANTO; R$ 2.478,12 ; R$ 99,87 ; R$ -   ;0,00%;0,00%;0;CREFISA;06/08/2026;14/08/2026;Telefone Receptivo;INSS;NAO;NAO;NAO;24/08/2026;NAO;06/08/2026;
ELISA FERNANDA COSTA;ARTHUR ANDRÉ BATISTA ;999.000.007-00;(11) 90000-0007;42;REFIN DA PORTABILIDADE;1599591;INTEGRADO;FINANTO; R$ 4.358,44 ; R$ 99,86 ; R$ 1.800,44 ;1,85%;1,92%;96;CREFISA;06/08/2026;;Telefone Receptivo;INSS;SIM;SIM;NAO;24/08/2026;NAO;24/08/2026;
ELISA FERNANDA COSTA;ARTHUR ANDRÉ BATISTA ;999.000.007-00;(11) 90000-0007;42;PORTABILIDADE;1599588;INTEGRADO;FINANTO; R$ 2.286,05 ; R$ 76,54 ; R$ -   ;0,00%;0,00%;0;CREFISA;06/08/2026;14/08/2026;Telefone Receptivo;INSS;NAO;NAO;NAO;24/08/2026;NAO;06/08/2026;
ELISA FERNANDA COSTA;ARTHUR ANDRÉ BATISTA ;999.000.007-00;(11) 90000-0007;42;REFIN DA PORTABILIDADE;1599589;INTEGRADO;FINANTO; R$ 3.334,08 ; R$ 76,53 ; R$ 1.003,56 ;1,85%;1,91%;96;CREFISA;06/08/2026;;Telefone Receptivo;INSS;SIM;SIM;NAO;24/08/2026;NAO;24/08/2026;
ELISA FERNANDA COSTA;ARTHUR ANDRÉ BATISTA ;999.000.007-00;(11) 90000-0007;42;PORTABILIDADE;1599594;INTEGRADO;FINANTO; R$ 1.181,57 ; R$ 55,55 ; R$ -   ;0,00%;0,00%;0;BMG;06/08/2026;14/08/2026;Telefone Receptivo;INSS;NAO;NAO;NAO;24/08/2026;NAO;06/08/2026;
ELISA FERNANDA COSTA;ARTHUR ANDRÉ BATISTA ;999.000.007-00;(11) 90000-0007;42;REFIN DA PORTABILIDADE;1599595;INTEGRADO;FINANTO; R$ 2.424,07 ; R$ 55,54 ; R$ 1.193,05 ;1,85%;1,93%;96;BMG;06/08/2026;;Telefone Receptivo;INSS;SIM;SIM;NAO;24/08/2026;NAO;24/08/2026;
ELISA FERNANDA COSTA;BERNARDO CAETANO FARIAS ;999.000.009-00;(11) 90000-0009;01;MARGEM;858726329;INTEGRADO;PARANA; R$ 11.947,60 ; R$ 308,00 ; R$ 11.947,60 ;1,85%;1,95%;84;;20/08/2026;;Telefone Receptivo;INSS;SIM;SIM;NAO;21/08/2026;NAO;20/08/2026;
ELISA FERNANDA COSTA;BERNARDO CAETANO FARIAS ;999.000.009-00;(11) 90000-0009;01;PORTABILIDADE;658654664;INTEGRADO;PARANA; R$ 10.551,43 ; R$ 258,52 ; R$ -   ;0,00%;0,00%;0;BRADESCO;02/08/2026;07/08/2026;Telefone Receptivo;INSS;NAO;NAO;NAO;10/08/2026;NAO;02/08/2026;
ELISA FERNANDA COSTA;BERNARDO CAETANO FARIAS ;999.000.009-00;(11) 90000-0009;01;REFIN DA PORTABILIDADE;858654687;INTEGRADO;PARANA; R$ 11.685,18 ; R$ 258,52 ; R$ 1.133,75 ;1,84%;1,85%;108;BRADESCO;02/08/2026;;Telefone Receptivo;INSS;SIM;SIM;NAO;14/08/2026;NAO;10/08/2026;
ELISA FERNANDA COSTA;CAIO MIGUEL LIMA;999.000.014-00;(11) 90000-0014;42;PORTABILIDADE;658710061;INTEGRADO;PARANA; R$ 45.973,10 ; R$ 1.092,16 ; R$ -   ;0,00%;0,00%;0;SANTANDER;17/08/2026;24/08/2026;Telefone Receptivo;INSS;NAO;NAO;NAO;25/08/2026;NAO;17/08/2026;
ELISA FERNANDA COSTA;CAIO MIGUEL LIMA;999.000.014-00;(11) 90000-0014;42;REFIN DA PORTABILIDADE;858710083;INTEGRADO;PARANA; R$ 51.456,81 ; R$ 1.092,16 ; R$ 4.770,89 ;1,76%;1,77%;108;SANTANDER;17/08/2026;;Telefone Receptivo;INSS;SIM;SIM;NAO;25/08/2026;NAO;25/08/2026;
ELISA FERNANDA COSTA;FELIPE MARTINHO SOUZA ;999.000.032-00;(11) 90000-0032;41;PORTABILIDADE;658645415;INTEGRADO;PARANA; R$ 18.235,12 ; R$ 505,00 ; R$ -   ;0,00%;0,00%;0;PINE;30/07/2026;06/08/2026;Telefone Receptivo;INSS;NAO;NAO;NAO;06/08/2026;NAO;30/07/2026;
ELISA FERNANDA COSTA;FELIPE MARTINHO SOUZA ;999.000.032-00;(11) 90000-0032;41;REFIN DA PORTABILIDADE;858645422;INTEGRADO;PARANA; R$ 24.910,55 ; R$ 505,00 ; R$ 5.913,12 ;1,60%;1,62%;108;PINE;30/07/2026;;Telefone Receptivo;INSS;SIM;SIM;NAO;07/08/2026;NAO;06/08/2026;
ELISA FERNANDA COSTA;FLAVIA EDUARDO BARROS;999.000.034-00;(11) 90000-0034;21;PORTABILIDADE;658651428;INTEGRADO;PARANA; R$ 7.112,74 ; R$ 198,58 ; R$ -   ;0,00%;0,00%;0;AGIBANK;14/07/2026;06/08/2026;Telefone Receptivo;INSS;NAO;NAO;NAO;10/08/2026;NAO;14/07/2026;
ELISA FERNANDA COSTA;FLAVIA EDUARDO BARROS;999.000.034-00;(11) 90000-0034;21;REFIN DA PORTABILIDADE;858651434;INTEGRADO;PARANA; R$ 9.510,45 ; R$ 198,58 ; R$ 2.397,71 ;1,67%;1,70%;108;AGIBANK;14/07/2026;;Telefone Receptivo;INSS;SIM;SIM;NAO;11/08/2026;NAO;10/08/2026;
ELISA FERNANDA COSTA;FLAVIA EDUARDO BARROS;999.000.034-00;(11) 90000-0034;21;PORTABILIDADE;1565692;INTEGRADO;FINANTO; R$ 3.945,47 ; R$ 96,33 ; R$ -   ;0,00%;0,00%;0;SAFRA;14/07/2026;31/07/2026;Telefone Receptivo;INSS;NAO;NAO;NAO;07/08/2026;NAO;14/07/2026;
ELISA FERNANDA COSTA;GABRIELA MIGUEL CORREIA;999.000.036-00;(11) 90000-0036;21;PORTABILIDADE;658697633;INTEGRADO;PARANA; R$ 28.113,86 ; R$ 578,48 ; R$ -   ;0,00%;0,00%;0;DAYCOVAL;12/08/2026;13/08/2026;Telefone Receptivo;INSS;NAO;NAO;NAO;17/08/2026;NAO;12/08/2026;
ELISA FERNANDA COSTA;GABRIELA MIGUEL CORREIA;999.000.036-00;(11) 90000-0036;21;REFIN DA PORTABILIDADE;858697659;INTEGRADO;PARANA; R$ 28.920,37 ; R$ 578,48 ; R$ 806,51 ;1,60%;1,61%;108;DAYCOVAL;12/08/2026;;Telefone Receptivo;INSS;SIM;SIM;NAO;17/08/2026;NAO;17/08/2026;
ELISA FERNANDA COSTA;HELENA DANIEL FARIAS;999.000.040-00;(11) 90000-0040;21;PORTABILIDADE;1602275;INTEGRADO;FINANTO; R$ 20.676,23 ; R$ 511,19 ; R$ -   ;0,00%;0,00%;0;C6 BANK;02/08/2026;17/08/2026;Telefone Receptivo;INSS;NAO;NAO;NAO;20/08/2026;NAO;02/08/2026;
ELISA FERNANDA COSTA;HELENA DANIEL FARIAS;999.000.040-00;(11) 90000-0040;21;REFIN DA PORTABILIDADE;1626440;INTEGRADO;FINANTO; R$ 23.445,37 ; R$ 511,18 ; R$ 2.656,00 ;1,83%;1,87%;108;C6 BANK;02/08/2026;;Telefone Receptivo;INSS;SIM;SIM;NAO;20/08/2026;NAO;20/08/2026;
ELISA FERNANDA COSTA;HELENA DANIEL FARIAS;999.000.040-00;(11) 90000-0040;21;PORTABILIDADE;1591367;INTEGRADO;FINANTO; R$ 1.186,95 ; R$ 80,12 ; R$ -   ;0,00%;0,00%;0;DAYCOVAL;02/08/2026;07/08/2026;Telefone Receptivo;INSS;NAO;NAO;NAO;13/08/2026;NAO;02/08/2026;
ELISA FERNANDA COSTA;HELENA DANIEL FARIAS;999.000.040-00;(11) 90000-0040;21;REFIN DA PORTABILIDADE;1591368;INTEGRADO;FINANTO; R$ 3.628,98 ; R$ 80,12 ; R$ 2.357,27 ;1,85%;1,94%;108;DAYCOVAL;02/08/2026;;Telefone Receptivo;INSS;SIM;SIM;NAO;13/08/2026;NAO;13/08/2026;
ELISA FERNANDA COSTA;HELENA DANIEL FARIAS;999.000.040-00;(11) 90000-0040;21;PORTABILIDADE;1591371;INTEGRADO;FINANTO; R$ 2.859,22 ; R$ 73,34 ; R$ -   ;0,00%;0,00%;0;C6 BANK;02/08/2026;07/08/2026;Telefone Receptivo;INSS;NAO;NAO;NAO;13/08/2026;NAO;02/08/2026;
ELISA FERNANDA COSTA;HELENA DANIEL FARIAS;999.000.040-00;(11) 90000-0040;21;REFIN DA PORTABILIDADE;1604641;INTEGRADO;FINANTO; R$ 3.321,89 ; R$ 73,34 ; R$ 441,28 ;1,85%;1,89%;108;C6 BANK;02/08/2026;;Telefone Receptivo;INSS;SIM;SIM;NAO;13/08/2026;NAO;13/08/2026;
ELISA FERNANDA COSTA;ISAAC EDUARDO DUARTE;999.000.043-00;(11) 90000-0043;42;PORTABILIDADE;658624849;INTEGRADO;PARANA; R$ 27.300,04 ; R$ 786,15 ; R$ -   ;0,00%;0,00%;0;NUBANK;23/07/2026;29/07/2026;Telefone Receptivo;INSS;NAO;NAO;NAO;07/08/2026;NAO;23/07/2026;
ELISA FERNANDA COSTA;JONAS HENRIQUE MACHADO;999.000.047-00;(11) 90000-0047;46;PORTABILIDADE;658728755;INTEGRADO;PARANA; R$ 76.047,10 ; R$ 1.633,68 ; R$ -   ;0,00%;0,00%;0;INBURSA;21/08/2026;28/08/2026;Telefone Receptivo;INSS;NAO;NAO;NAO;01/09/2026;NAO;21/08/2026;
ELISA FERNANDA COSTA;JONAS HENRIQUE MACHADO;999.000.047-00;(11) 90000-0047;46;REFIN DA PORTABILIDADE;858728766;AGUARDANDO ORG;PARANA; R$ 82.207,71 ; R$ 1.633,68 ; R$ 5.978,56 ;1,60%;1,61%;108;INBURSA;21/08/2026;;Telefone Receptivo;INSS;NAO;NAO;NAO;01/09/2026;NAO;01/09/2026;
ELISA FERNANDA COSTA;JONAS HENRIQUE MACHADO;999.000.047-00;(11) 90000-0047;46;PORTABILIDADE;658728773;INTEGRADO;PARANA; R$ 5.910,15 ; R$ 131,86 ; R$ -   ;0,00%;0,00%;0;AGIBANK;21/08/2026;28/08/2026;Telefone Receptivo;INSS;NAO;NAO;NAO;01/09/2026;NAO;21/08/2026;
ELISA FERNANDA COSTA;JONAS HENRIQUE MACHADO;999.000.047-00;(11) 90000-0047;46;REFIN DA PORTABILIDADE;858728778;AGUARDANDO ORG;PARANA; R$ 6.635,01 ; R$ 131,86 ; R$ 490,90 ;1,60%;1,61%;108;AGIBANK;21/08/2026;;Telefone Receptivo;INSS;NAO;NAO;NAO;01/09/2026;NAO;01/09/2026;
ELISA FERNANDA COSTA;JULIANA EDUARDO ROCHA ;999.000.048-00;(11) 90000-0048;21;PORTABILIDADE;658703747;INTEGRADO;PARANA; R$ 21.244,00 ; R$ 544,84 ; R$ -   ;0,00%;0,00%;0;ITAU;14/08/2026;21/08/2026;Telefone Receptivo;INSS;NAO;NAO;NAO;24/08/2026;NAO;14/08/2026;
ELISA FERNANDA COSTA;JULIANA EDUARDO ROCHA ;999.000.048-00;(11) 90000-0048;21;REFIN DA PORTABILIDADE;858703754;INTEGRADO;PARANA; R$ 26.621,69 ; R$ 544,84 ; R$ 5.408,27 ;1,67%;1,67%;108;ITAU;14/08/2026;;Telefone Receptivo;INSS;SIM;SIM;SIM;24/08/2026;NAO;24/08/2026;
ELISA FERNANDA COSTA;LEONARDO ANTÔNIO REIS ;999.000.054-00;(11) 90000-0054;42;PORTABILIDADE;658619626;INTEGRADO;PARANA; R$ 50.125,10 ; R$ 1.319,10 ; R$ -   ;0,00%;0,00%;0;PAN;24/07/2026;30/07/2026;Telefone Receptivo;INSS;NAO;NAO;NAO;03/08/2026;NAO;24/07/2026;
ELISA FERNANDA COSTA;LUCCA RAFAEL PEREIRA;999.000.056-00;(11) 90000-0056;42;PORTABILIDADE;1602585;INTEGRADO;FINANTO; R$ 110.461,84 ; R$ 2.457,96 ; R$ -   ;0,00%;0,00%;0;SAFRA;06/08/2026;17/08/2026;Telefone Receptivo;INSS;NAO;NAO;NAO;20/08/2026;NAO;06/08/2026;
ELISA FERNANDA COSTA;LUCCA RAFAEL PEREIRA;999.000.056-00;(11) 90000-0056;42;REFIN DA PORTABILIDADE;1626418;INTEGRADO;FINANTO; R$ 117.640,89 ; R$ 2.457,95 ; R$ 6.830,40 ;1,72%;1,75%;108;SAFRA;06/08/2026;;Telefone Receptivo;INSS;SIM;SIM;NAO;20/08/2026;NAO;20/08/2026;
ELISA FERNANDA COSTA;LUCCA RAFAEL PEREIRA;999.000.056-00;(11) 90000-0056;42;PORTABILIDADE;658689810;INTEGRADO;PARANA; R$ 5.957,76 ; R$ 133,82 ; R$ -   ;0,00%;0,00%;0;NUBANK;11/08/2026;18/08/2026;Telefone Receptivo;INSS;NAO;NAO;NAO;19/08/2026;NAO;11/08/2026;
ELISA FERNANDA COSTA;LUCCA RAFAEL PEREIRA;999.000.056-00;(11) 90000-0056;42;REFIN DA PORTABILIDADE;858689825;INTEGRADO;PARANA; R$ 6.678,88 ; R$ 133,82 ; R$ 444,54 ;1,60%;1,61%;108;NUBANK;11/08/2026;;Telefone Receptivo;INSS;SIM;SIM;NAO;20/08/2026;NAO;19/08/2026;
ELISA FERNANDA COSTA;MANUELA DANIEL CAMPOS ;999.000.057-00;(11) 90000-0057;21;PORTABILIDADE;658732019;INTEGRADO;PARANA; R$ 23.201,48 ; R$ 563,25 ; R$ -   ;0,00%;0,00%;0;PINE;24/08/2026;31/08/2026;Telefone Receptivo;INSS;NAO;NAO;NAO;01/09/2026;NAO;24/08/2026;
ELISA FERNANDA COSTA;MANUELA DANIEL CAMPOS ;999.000.057-00;(11) 90000-0057;21;REFIN DA PORTABILIDADE;858732041;AGUARDANDO ORG;PARANA; R$ 28.286,89 ; R$ 563,25 ; R$ 5.245,75 ;1,60%;1,61%;108;PINE;24/08/2026;;Telefone Receptivo;INSS;NAO;NAO;NAO;01/09/2026;NAO;01/09/2026;
ELISA FERNANDA COSTA;MANUELA DANIEL CAMPOS ;999.000.057-00;(11) 90000-0057;21;PORTABILIDADE;658732052;INTEGRADO;PARANA; R$ 11.680,80 ; R$ 268,40 ; R$ -   ;0,00%;0,00%;0;PINE;24/08/2026;31/08/2026;Telefone Receptivo;INSS;NAO;NAO;NAO;01/09/2026;NAO;24/08/2026;
ELISA FERNANDA COSTA;MANUELA DANIEL CAMPOS ;999.000.057-00;(11) 90000-0057;21;REFIN DA PORTABILIDADE;858732081;AGUARDANDO ORG;PARANA; R$ 13.498,68 ; R$ 268,40 ; R$ 1.890,34 ;1,60%;1,61%;108;PINE;24/08/2026;;Telefone Receptivo;INSS;NAO;NAO;NAO;01/09/2026;NAO;01/09/2026;
ELISA FERNANDA COSTA;OLIVIA MIGUEL SOARES;999.000.065-00;(11) 90000-0065;0;MARGEM;2445566;INTEGRADO;QUALIBANKING; R$ 34.488,48 ; R$ 808,18 ; R$ 34.488,48 ;1,85%;1,97%;96;;03/08/2026;;Telefone Receptivo;INSS;SIM;SIM;NAO;06/08/2026;NAO;03/08/2026;
ELISA FERNANDA COSTA;PATRICIA DANIEL CAVALCANTI ;999.000.068-00;(11) 90000-0068;46;PORTABILIDADE;658630500;INTEGRADO;PARANA; R$ 25.754,69 ; R$ 642,20 ; R$ -   ;0,00%;0,00%;0;SANTANDER;24/07/2026;30/07/2026;Telefone Receptivo;INSS;NAO;NAO;NAO;03/08/2026;NAO;24/07/2026;
ELISA FERNANDA COSTA;PATRICIA DANIEL CAVALCANTI ;999.000.068-00;(11) 90000-0068;46;PORTABILIDADE;1580168;INTEGRADO;FINANTO; R$ 2.942,92 ; R$ 81,91 ; R$ -   ;0,00%;0,00%;0;CREFISA;24/07/2026;06/08/2026;Telefone Receptivo;INSS;NAO;NAO;NAO;10/08/2026;NAO;24/07/2026;
ELISA FERNANDA COSTA;PATRICIA DANIEL CAVALCANTI ;999.000.068-00;(11) 90000-0068;46;REFIN DA PORTABILIDADE;1580169;AGUARDANDO ORG;FINANTO; R$ 3.707,79 ; R$ 81,91 ; R$ 889,32 ;1,85%;1,90%;108;CREFISA;24/07/2026;;Telefone Receptivo;INSS;NAO;NAO;NAO;10/08/2026;NAO;10/08/2026;
ELISA FERNANDA COSTA;PRISCILA WILLIAM RAMOS ;999.000.070-00;(11) 90000-0070;21;MARGEM;858695151;INTEGRADO;PARANA; R$ 8.884,24 ; R$ 210,15 ; R$ 8.884,24 ;1,85%;1,93%;108;;12/08/2026;;Telefone Receptivo;INSS;SIM;SIM;NAO;14/08/2026;NAO;12/08/2026;
ELISA FERNANDA COSTA;PRISCILA WILLIAM RAMOS ;999.000.070-00;(11) 90000-0070;21;PORTABILIDADE;1608446;INTEGRADO;FINANTO; R$ 4.430,91 ; R$ 111,00 ; R$ -   ;0,00%;0,00%;0;C6 BANK;12/08/2026;20/08/2026;Telefone Receptivo;INSS;NAO;NAO;NAO;26/08/2026;NAO;12/08/2026;
ELISA FERNANDA COSTA;PRISCILA WILLIAM RAMOS ;999.000.070-00;(11) 90000-0070;21;REFIN DA PORTABILIDADE;1646208;INTEGRADO;FINANTO; R$ 5.109,08 ; R$ 110,99 ; R$ 802,15 ;1,83%;1,87%;108;C6 BANK;12/08/2026;;Telefone Receptivo;INSS;SIM;SIM;NAO;27/08/2026;NAO;26/08/2026;
ELISA FERNANDA COSTA;PRISCILA WILLIAM RAMOS ;999.000.070-00;(11) 90000-0070;21;PORTABILIDADE;1608438;INTEGRADO;FINANTO; R$ 4.517,89 ; R$ 107,00 ; R$ -   ;0,00%;0,00%;0;FACTA;12/08/2026;18/08/2026;Telefone Receptivo;INSS;NAO;NAO;NAO;27/08/2026;NAO;12/08/2026;
ELISA FERNANDA COSTA;PRISCILA WILLIAM RAMOS ;999.000.070-00;(11) 90000-0070;21;REFIN DA PORTABILIDADE;1657347;INTEGRADO;FINANTO; R$ 5.023,07 ; R$ 106,99 ; R$ 169,78 ;1,78%;1,81%;108;FACTA;12/08/2026;;Telefone Receptivo;INSS;SIM;SIM;NAO;27/08/2026;NAO;27/08/2026;
ELISA FERNANDA COSTA;PRISCILA WILLIAM RAMOS ;999.000.070-00;(11) 90000-0070;21;PORTABILIDADE;1608454;INTEGRADO;FINANTO; R$ 2.425,44 ; R$ 77,53 ; R$ -   ;0,00%;0,00%;0;SANTANDER;12/08/2026;19/08/2026;Telefone Receptivo;INSS;NAO;NAO;NAO;25/08/2026;NAO;12/08/2026;
ELISA FERNANDA COSTA;PRISCILA WILLIAM RAMOS ;999.000.070-00;(11) 90000-0070;21;REFIN DA PORTABILIDADE;1608455;INTEGRADO;FINANTO; R$ 3.540,46 ; R$ 77,52 ; R$ 1.069,08 ;1,83%;1,88%;108;SANTANDER;12/08/2026;;Telefone Receptivo;INSS;SIM;SIM;NAO;27/08/2026;NAO;25/08/2026;
ELISA FERNANDA COSTA;RENATA EDUARDO MONTEIRO ;999.000.075-00;(11) 90000-0075;42;PORTABILIDADE;658725013;SALDO PAGO;PARANA; R$ 48.186,63 ; R$ 1.324,40 ; R$ -   ;0,00%;0,00%;0;C6 BANK;21/08/2026;28/08/2026;Telefone Receptivo;INSS;NAO;NAO;NAO;28/08/2026;NAO;21/08/2026;
ELISA FERNANDA COSTA;RENATA EDUARDO MONTEIRO ;999.000.075-00;(11) 90000-0075;42;MARGEM;858725198;INTEGRADO;PARANA; R$ 9.452,94 ; R$ 214,15 ; R$ 9.452,94 ;1,85%;1,93%;108;;21/08/2026;;Telefone Receptivo;INSS;SIM;SIM;SIM;25/08/2026;NAO;21/08/2026;
ELISA FERNANDA COSTA;RENATA EDUARDO MONTEIRO ;999.000.075-00;(11) 90000-0075;42;PORTABILIDADE;658725146;SALDO PAGO;PARANA; R$ 6.093,75 ; R$ 161,55 ; R$ -   ;0,00%;0,00%;0;ITAU;21/08/2026;28/08/2026;Telefone Receptivo;INSS;NAO;NAO;NAO;28/08/2026;NAO;21/08/2026;
ELISA FERNANDA COSTA;SABRINA MIGUEL RIBEIRO ;999.000.076-00;(11) 90000-0076;42;PORTABILIDADE;1576292;INTEGRADO;FINANTO; R$ 3.400,41 ; R$ 81,32 ; R$ -   ;0,00%;0,00%;0;BRADESCO;23/07/2026;29/07/2026;Telefone Receptivo;INSS;NAO;NAO;NAO;03/08/2026;NAO;23/07/2026;
ELISA FERNANDA COSTA;VITOR SILVIO SILVA;999.000.086-00;(11) 90000-0086;42;PORTABILIDADE;658707979;INTEGRADO;PARANA; R$ 69.954,85 ; R$ 1.470,30 ; R$ -   ;0,00%;0,00%;0;FACTA;11/08/2026;21/08/2026;Telefone Receptivo;INSS;NAO;NAO;NAO;01/09/2026;NAO;11/08/2026;
ELISA FERNANDA COSTA;VITOR SILVIO SILVA;999.000.086-00;(11) 90000-0086;42;REFIN DA PORTABILIDADE;858707987;AGUARDANDO ORG;PARANA; R$ 73.810,88 ; R$ 1.470,30 ; R$ 1.805,98 ;1,60%;1,60%;108;FACTA;11/08/2026;;Telefone Receptivo;INSS;NAO;NAO;NAO;01/09/2026;NAO;01/09/2026;
ELISA FERNANDA COSTA;VITOR SILVIO SILVA;999.000.086-00;(11) 90000-0086;42;PORTABILIDADE;658707957;INTEGRADO;PARANA; R$ 11.656,76 ; R$ 245,00 ; R$ -   ;0,00%;0,00%;0;FACTA;11/08/2026;21/08/2026;Telefone Receptivo;INSS;NAO;NAO;NAO;01/09/2026;NAO;11/08/2026;
ELISA FERNANDA COSTA;VITOR SILVIO SILVA;999.000.086-00;(11) 90000-0086;42;REFIN DA PORTABILIDADE;858707964;AGUARDANDO ORG;PARANA; R$ 12.301,60 ; R$ 245,00 ; R$ 307,60 ;1,60%;1,60%;108;FACTA;11/08/2026;;Telefone Receptivo;INSS;NAO;NAO;NAO;01/09/2026;NAO;01/09/2026;
FABIANA LUIZA PEREIRA;ADRIANA WILLIAM BRAGA ;999.000.001-00;(11) 90000-0001;21;MARGEM;858707125;INTEGRADO;PARANA; R$ 21.048,38 ; R$ 478,64 ; R$ 21.048,38 ;1,85%;1,94%;108;;14/08/2026;;Telefone Receptivo;INSS;SIM;SIM;NAO;19/08/2026;NAO;14/08/2026;
FABIANA LUIZA PEREIRA;ALEX GABRIEL BRAGA ;999.000.003-00;(11) 90000-0003;21;PORTABILIDADE;658681993;INTEGRADO;PARANA; R$ 13.079,05 ; R$ 343,34 ; R$ -   ;0,00%;0,00%;0;SAFRA;07/08/2026;14/08/2026;Telefone Receptivo;INSS;NAO;NAO;NAO;18/08/2026;NAO;07/08/2026;
FABIANA LUIZA PEREIRA;ALEX GABRIEL BRAGA ;999.000.003-00;(11) 90000-0003;21;REFIN DA PORTABILIDADE;858681999;INTEGRADO;PARANA; R$ 17.061,37 ; R$ 343,34 ; R$ 3.982,32 ;1,60%;1,62%;108;SAFRA;07/08/2026;;Telefone Receptivo;INSS;SIM;SIM;NAO;24/08/2026;NAO;18/08/2026;
FABIANA LUIZA PEREIRA;ALEX GABRIEL BRAGA ;999.000.003-00;(11) 90000-0003;21;PORTABILIDADE;658681981;INTEGRADO;PARANA; R$ 11.788,11 ; R$ 324,79 ; R$ -   ;0,00%;0,00%;0;DAYCOVAL;07/08/2026;14/08/2026;Telefone Receptivo;INSS;NAO;NAO;NAO;18/08/2026;NAO;07/08/2026;
FABIANA LUIZA PEREIRA;ALEX GABRIEL BRAGA ;999.000.003-00;(11) 90000-0003;21;REFIN DA PORTABILIDADE;858681988;INTEGRADO;PARANA; R$ 15.564,50 ; R$ 324,79 ; R$ 3.776,39 ;1,69%;1,71%;108;DAYCOVAL;07/08/2026;;Telefone Receptivo;INSS;SIM;SIM;NAO;21/08/2026;NAO;18/08/2026;
FABIANA LUIZA PEREIRA;ALEX GABRIEL BRAGA ;999.000.003-00;(11) 90000-0003;21;PORTABILIDADE;658681965;INTEGRADO;PARANA; R$ 4.916,38 ; R$ 129,11 ; R$ -   ;0,00%;0,00%;0;ITAU;07/08/2026;14/08/2026;Telefone Receptivo;INSS;NAO;NAO;NAO;17/08/2026;NAO;07/08/2026;
FABIANA LUIZA PEREIRA;ALEX GABRIEL BRAGA ;999.000.003-00;(11) 90000-0003;21;REFIN DA PORTABILIDADE;858681978;INTEGRADO;PARANA; R$ 6.218,32 ; R$ 129,11 ; R$ 1.301,94 ;1,68%;1,70%;108;ITAU;07/08/2026;;Telefone Receptivo;INSS;SIM;SIM;NAO;17/08/2026;NAO;17/08/2026;
FABIANA LUIZA PEREIRA;ALEX GABRIEL BRAGA ;999.000.003-00;(11) 90000-0003;21;PORTABILIDADE;1601420;INTEGRADO;FINANTO; R$ 3.811,59 ; R$ 119,00 ; R$ -   ;0,00%;0,00%;0;SANTANDER;07/08/2026;17/08/2026;Telefone Receptivo;INSS;NAO;NAO;NAO;27/08/2026;NAO;07/08/2026;
FABIANA LUIZA PEREIRA;ALEX GABRIEL BRAGA ;999.000.003-00;(11) 90000-0003;21;REFIN DA PORTABILIDADE;1646162;INTEGRADO;FINANTO; R$ 5.480,64 ; R$ 118,99 ; R$ 1.593,42 ;1,83%;1,88%;108;SANTANDER;07/08/2026;;Telefone Receptivo;INSS;SIM;SIM;NAO;27/08/2026;NAO;27/08/2026;
FABIANA LUIZA PEREIRA;ALEX GABRIEL BRAGA ;999.000.003-00;(11) 90000-0003;21;PORTABILIDADE;1601415;INTEGRADO;FINANTO; R$ 3.742,37 ; R$ 106,00 ; R$ -   ;0,00%;0,00%;0;SANTANDER;07/08/2026;17/08/2026;Telefone Receptivo;INSS;NAO;NAO;NAO;27/08/2026;NAO;07/08/2026;
FABIANA LUIZA PEREIRA;ALEX GABRIEL BRAGA ;999.000.003-00;(11) 90000-0003;21;REFIN DA PORTABILIDADE;1646163;INTEGRADO;FINANTO; R$ 4.878,92 ; R$ 105,99 ; R$ 1.082,84 ;1,83%;1,88%;108;SANTANDER;07/08/2026;;Telefone Receptivo;INSS;SIM;SIM;NAO;27/08/2026;NAO;27/08/2026;
FABIANA LUIZA PEREIRA;ALEX GABRIEL BRAGA ;999.000.003-00;(11) 90000-0003;21;MARGEM;2496412;INTEGRADO;QUALIBANKING; R$ 2.513,54 ; R$ 57,14 ; R$ 2.513,54 ;1,85%;1,97%;108;;19/08/2026;;Telefone Receptivo;INSS;SIM;SIM;NAO;24/08/2026;NAO;19/08/2026;
FABIANA LUIZA PEREIRA;ALICE EDUARDO CASTRO ;999.000.004-00;(11) 90000-0004;42;PORTABILIDADE;658716276;INTEGRADO;PARANA; R$ 5.156,65 ; R$ 136,76 ; R$ -   ;0,00%;0,00%;0;FACTA;18/08/2026;24/08/2026;Telefone Receptivo;INSS;NAO;NAO;NAO;26/08/2026;NAO;18/08/2026;
FABIANA LUIZA PEREIRA;ALICE EDUARDO CASTRO ;999.000.004-00;(11) 90000-0004;42;REFIN DA PORTABILIDADE;858716294;AGUARDANDO ORG;PARANA; R$ 6.835,40 ; R$ 136,76 ; R$ 1.496,12 ;1,60%;1,62%;108;FACTA;18/08/2026;;Telefone Receptivo;INSS;NAO;NAO;NAO;26/08/2026;NAO;26/08/2026;
FABIANA LUIZA PEREIRA;ALICE EDUARDO CASTRO ;999.000.004-00;(11) 90000-0004;42;MARGEM;1680774;AGUARDANDO ORG;FINANTO; R$ 2.216,01 ; R$ 50,00 ; R$ 2.216,01 ;1,85%;1,97%;108;;31/08/2026;;Telefone Receptivo;INSS;SIM;NAO;NAO;31/08/2026;NAO;31/08/2026;
FABIANA LUIZA PEREIRA;BIANCA EDUARDO MELO ;999.000.010-00;(11) 90000-0010;57;PORTABILIDADE;658698356;INTEGRADO;PARANA; R$ 27.945,36 ; R$ 600,00 ; R$ -   ;0,00%;0,00%;0;DAYCOVAL;12/08/2026;19/08/2026;Telefone Receptivo;INSS;NAO;NAO;NAO;21/08/2026;NAO;12/08/2026;
FABIANA LUIZA PEREIRA;BIANCA EDUARDO MELO ;999.000.010-00;(11) 90000-0010;57;REFIN DA PORTABILIDADE;858698373;INTEGRADO;PARANA; R$ 30.051,12 ; R$ 600,00 ; R$ 2.105,76 ;1,60%;1,61%;108;DAYCOVAL;12/08/2026;;Telefone Receptivo;INSS;SIM;SIM;NAO;24/08/2026;NAO;21/08/2026;
FABIANA LUIZA PEREIRA;BIANCA EDUARDO MELO ;999.000.010-00;(11) 90000-0010;57;PORTABILIDADE;658698388;INTEGRADO;PARANA; R$ 20.260,28 ; R$ 500,00 ; R$ -   ;0,00%;0,00%;0;SAFRA;12/08/2026;19/08/2026;Telefone Receptivo;INSS;NAO;NAO;NAO;24/08/2026;NAO;12/08/2026;
FABIANA LUIZA PEREIRA;BIANCA EDUARDO MELO ;999.000.010-00;(11) 90000-0010;57;REFIN DA PORTABILIDADE;858698394;INTEGRADO;PARANA; R$ 24.948,58 ; R$ 500,00 ; R$ 4.688,30 ;1,60%;1,62%;108;SAFRA;12/08/2026;;Telefone Receptivo;INSS;SIM;SIM;NAO;24/08/2026;NAO;24/08/2026;
FABIANA LUIZA PEREIRA;BIANCA EDUARDO MELO ;999.000.010-00;(11) 90000-0010;57;PORTABILIDADE;658698407;INTEGRADO;PARANA; R$ 10.887,79 ; R$ 250,00 ; R$ -   ;0,00%;0,00%;0;FACTA;12/08/2026;18/08/2026;Telefone Receptivo;INSS;NAO;NAO;NAO;01/09/2026;NAO;12/08/2026;
FABIANA LUIZA PEREIRA;BIANCA EDUARDO MELO ;999.000.010-00;(11) 90000-0010;57;REFIN DA PORTABILIDADE;858698422;AGUARDANDO ORG;PARANA; R$ 12.537,50 ; R$ 250,00 ; R$ 164,50 ;1,60%;1,60%;108;FACTA;12/08/2026;;Telefone Receptivo;INSS;NAO;NAO;NAO;01/09/2026;NAO;01/09/2026;
FABIANA LUIZA PEREIRA;BIANCA EDUARDO MELO ;999.000.010-00;(11) 90000-0010;57;MARGEM;858715423;INTEGRADO;PARANA; R$ 4.722,07 ; R$ 107,11 ; R$ 4.722,07 ;1,85%;1,93%;108;;18/08/2026;;Telefone Receptivo;INSS;SIM;SIM;NAO;19/08/2026;NAO;18/08/2026;
FABIANA LUIZA PEREIRA;BRENO GABRIEL COSTA ;999.000.011-00;(11) 90000-0011;42;MARGEM;858729699;INTEGRADO;PARANA; R$ 12.483,62 ; R$ 282,63 ; R$ 12.483,62 ;1,85%;1,93%;108;;21/08/2026;;Telefone Receptivo;INSS;SIM;SIM;NAO;24/08/2026;NAO;21/08/2026;
FABIANA LUIZA PEREIRA;CAUÃ GABRIEL MARTINS ;999.000.017-00;(11) 90000-0017;21;PORTABILIDADE;658665339;INTEGRADO;PARANA; R$ 22.301,58 ; R$ 531,30 ; R$ -   ;0,00%;0,00%;0;BMG;03/08/2026;11/08/2026;Telefone Receptivo;INSS;NAO;NAO;NAO;14/08/2026;NAO;03/08/2026;
FABIANA LUIZA PEREIRA;CAUÃ GABRIEL MARTINS ;999.000.017-00;(11) 90000-0017;21;REFIN DA PORTABILIDADE;858665370;INTEGRADO;PARANA; R$ 24.544,33 ; R$ 531,30 ; R$ 2.229,53 ;1,79%;1,80%;108;BMG;03/08/2026;;Telefone Receptivo;INSS;SIM;SIM;NAO;17/08/2026;NAO;14/08/2026;
FABIANA LUIZA PEREIRA;CLARA WILLIAM RODRIGUES;999.000.020-00;(11) 90000-0020;42;MARGEM;858720580;INTEGRADO;PARANA; R$ 17.297,07 ; R$ 392,10 ; R$ 17.297,07 ;1,85%;1,93%;108;;19/08/2026;;Telefone Receptivo;INSS;SIM;SIM;NAO;21/08/2026;NAO;19/08/2026;
FABIANA LUIZA PEREIRA;DANIELA EDUARDO ALVES ;999.000.021-00;(11) 90000-0021;42;PORTABILIDADE;658699409;INTEGRADO;PARANA; R$ 14.908,48 ; R$ 384,93 ; R$ -   ;0,00%;0,00%;0;BANCO SEGURO;06/08/2026;12/08/2026;Telefone Receptivo;INSS;NAO;NAO;NAO;26/08/2026;NAO;06/08/2026;
FABIANA LUIZA PEREIRA;DANIELA EDUARDO ALVES ;999.000.021-00;(11) 90000-0021;42;REFIN DA PORTABILIDADE;858699419;INTEGRADO;PARANA; R$ 19.197,40 ; R$ 384,93 ; R$ 4.227,77 ;1,60%;1,62%;108;BANCO SEGURO;06/08/2026;;Telefone Receptivo;INSS;SIM;SIM;NAO;26/08/2026;NAO;26/08/2026;
FABIANA LUIZA PEREIRA;DANIELA EDUARDO ALVES ;999.000.021-00;(11) 90000-0021;42;MARGEM;858676497;INTEGRADO;PARANA; R$ 3.200,67 ; R$ 73,15 ; R$ 3.200,67 ;1,85%;1,93%;108;;06/08/2026;;Telefone Receptivo;INSS;SIM;SIM;NAO;13/08/2026;NAO;06/08/2026;
FABIANA LUIZA PEREIRA;EDUARDA MIGUEL CARVALHO;999.000.025-00;(11) 90000-0025;42;MARGEM;858734616;INTEGRADO;PARANA; R$ 6.852,55 ; R$ 154,85 ; R$ 6.852,55 ;1,85%;1,93%;108;;25/08/2026;;Telefone Receptivo;INSS;SIM;SIM;NAO;25/08/2026;NAO;25/08/2026;
FABIANA LUIZA PEREIRA;ELISA DANIEL MACHADO;999.000.026-00;(11) 90000-0026;46;PORTABILIDADE;658692651;INTEGRADO;PARANA; R$ 16.729,12 ; R$ 430,04 ; R$ -   ;0,00%;0,00%;0;FACTA;11/08/2026;17/08/2026;Telefone Receptivo;INSS;NAO;NAO;NAO;20/08/2026;NAO;11/08/2026;
FABIANA LUIZA PEREIRA;ELISA DANIEL MACHADO;999.000.026-00;(11) 90000-0026;46;REFIN DA PORTABILIDADE;858692679;INTEGRADO;PARANA; R$ 21.411,94 ; R$ 430,00 ; R$ 4.682,82 ;1,60%;1,62%;108;FACTA;11/08/2026;;Telefone Receptivo;INSS;SIM;SIM;NAO;24/08/2026;NAO;20/08/2026;
FABIANA LUIZA PEREIRA;ELISA DANIEL MACHADO;999.000.026-00;(11) 90000-0026;46;PORTABILIDADE;658692742;INTEGRADO;PARANA; R$ 12.558,85 ; R$ 263,96 ; R$ -   ;0,00%;0,00%;0;BMG;11/08/2026;18/08/2026;Telefone Receptivo;INSS;NAO;NAO;NAO;20/08/2026;NAO;11/08/2026;
FABIANA LUIZA PEREIRA;ELISA DANIEL MACHADO;999.000.026-00;(11) 90000-0026;46;REFIN DA PORTABILIDADE;858692758;INTEGRADO;PARANA; R$ 13.232,51 ; R$ 263,96 ; R$ 332,48 ;1,60%;1,60%;108;BMG;11/08/2026;;Telefone Receptivo;INSS;SIM;SIM;NAO;26/08/2026;NAO;20/08/2026;
FABIANA LUIZA PEREIRA;ELISA DANIEL MACHADO;999.000.026-00;(11) 90000-0026;46;PORTABILIDADE;1607039;INTEGRADO;FINANTO; R$ 4.524,33 ; R$ 119,99 ; R$ -   ;0,00%;0,00%;0;FACTA;11/08/2026;18/08/2026;Telefone Receptivo;INSS;NAO;NAO;NAO;31/08/2026;NAO;11/08/2026;
FABIANA LUIZA PEREIRA;ELISA DANIEL MACHADO;999.000.026-00;(11) 90000-0026;46;REFIN DA PORTABILIDADE;1660653;AGUARDANDO ORG;FINANTO; R$ 5.488,26 ; R$ 119,99 ; R$ 773,40 ;1,85%;1,89%;108;FACTA;11/08/2026;;Telefone Receptivo;INSS;NAO;NAO;NAO;31/08/2026;NAO;31/08/2026;
FABIANA LUIZA PEREIRA;ELISA DANIEL MACHADO;999.000.026-00;(11) 90000-0026;46;PORTABILIDADE;1607034;INTEGRADO;FINANTO; R$ 4.147,65 ; R$ 110,00 ; R$ -   ;0,00%;0,00%;0;FACTA;11/08/2026;18/08/2026;Telefone Receptivo;INSS;NAO;NAO;NAO;31/08/2026;NAO;11/08/2026;
FABIANA LUIZA PEREIRA;ELISA DANIEL MACHADO;999.000.026-00;(11) 90000-0026;46;PORTABILIDADE;1607036;INTEGRADO;FINANTO; R$ 4.147,27 ; R$ 109,99 ; R$ -   ;0,00%;0,00%;0;FACTA;11/08/2026;18/08/2026;Telefone Receptivo;INSS;NAO;NAO;NAO;31/08/2026;NAO;11/08/2026;
FABIANA LUIZA PEREIRA;ELISA DANIEL MACHADO;999.000.026-00;(11) 90000-0026;46;REFIN DA PORTABILIDADE;1660654;AGUARDANDO ORG;FINANTO; R$ 5.040,10 ; R$ 109,99 ; R$ 712,33 ;1,85%;1,89%;108;FACTA;11/08/2026;;Telefone Receptivo;INSS;NAO;NAO;NAO;31/08/2026;NAO;31/08/2026;
FABIANA LUIZA PEREIRA;ELISA DANIEL MACHADO;999.000.026-00;(11) 90000-0026;46;REFIN DA PORTABILIDADE;1660652;AGUARDANDO ORG;FINANTO; R$ 5.033,94 ; R$ 109,99 ; R$ 709,97 ;1,85%;1,89%;108;FACTA;11/08/2026;;Telefone Receptivo;INSS;NAO;NAO;NAO;31/08/2026;NAO;31/08/2026;
FABIANA LUIZA PEREIRA;ERIC MARTINHO PINHEIRO;999.000.029-00;(11) 90000-0029;42;PORTABILIDADE;658652732;INTEGRADO;PARANA; R$ 42.286,38 ; R$ 1.000,00 ; R$ -   ;0,00%;0,00%;0;ITAU;30/07/2026;06/08/2026;Telefone Receptivo;INSS;NAO;NAO;NAO;07/08/2026;NAO;30/07/2026;
FABIANA LUIZA PEREIRA;ERIC MARTINHO PINHEIRO;999.000.029-00;(11) 90000-0029;42;REFIN DA PORTABILIDADE;858652763;INTEGRADO;PARANA; R$ 48.081,39 ; R$ 1.000,00 ; R$ 5.795,01 ;1,60%;1,61%;108;ITAU;30/07/2026;;Telefone Receptivo;INSS;SIM;SIM;NAO;10/08/2026;NAO;07/08/2026;
FABIANA LUIZA PEREIRA;ESTER WILLIAM TORRES ;999.000.030-00;(11) 90000-0030;21;PORTABILIDADE;658724466;INTEGRADO;PARANA; R$ 31.271,26 ; R$ 800,52 ; R$ -   ;0,00%;0,00%;0;NUBANK;20/08/2026;28/08/2026;Telefone Receptivo;INSS;NAO;NAO;NAO;31/08/2026;NAO;20/08/2026;
FABIANA LUIZA PEREIRA;ESTER WILLIAM TORRES ;999.000.030-00;(11) 90000-0030;21;REFIN DA PORTABILIDADE;858724481;INTEGRADO;PARANA; R$ 40.144,12 ; R$ 800,52 ; R$ 7.272,34 ;1,60%;1,62%;108;NUBANK;20/08/2026;;Telefone Receptivo;INSS;SIM;SIM;SIM;31/08/2026;NAO;31/08/2026;
FABIANA LUIZA PEREIRA;ESTER WILLIAM TORRES ;999.000.030-00;(11) 90000-0030;21;PORTABILIDADE;658724271;INTEGRADO;PARANA; R$ 13.882,00 ; R$ 512,77 ; R$ -   ;0,00%;0,00%;0;BANRISUL;20/08/2026;28/08/2026;Telefone Receptivo;INSS;NAO;NAO;NAO;01/09/2026;NAO;20/08/2026;
FABIANA LUIZA PEREIRA;ESTER WILLIAM TORRES ;999.000.030-00;(11) 90000-0030;21;REFIN DA PORTABILIDADE;858724285;INTEGRADO;PARANA; R$ 25.531,54 ; R$ 512,77 ; R$ 11.692,06 ;1,60%;1,64%;108;BANRISUL;20/08/2026;;Telefone Receptivo;INSS;SIM;SIM;NAO;01/09/2026;NAO;01/09/2026;
FABIANA LUIZA PEREIRA;GUILHERME TOMÁS ANDRADE;999.000.038-00;(11) 90000-0038;42;PORTABILIDADE;658718497;INTEGRADO;PARANA; R$ 38.170,82 ; R$ 1.058,58 ; R$ -   ;0,00%;0,00%;0;DAYCOVAL;12/08/2026;26/08/2026;Telefone Receptivo;INSS;NAO;NAO;NAO;28/08/2026;NAO;12/08/2026;
FABIANA LUIZA PEREIRA;GUILHERME TOMÁS ANDRADE;999.000.038-00;(11) 90000-0038;42;REFIN DA PORTABILIDADE;858718505;INTEGRADO;PARANA; R$ 50.677,65 ; R$ 1.058,58 ; R$ 12.206,94 ;1,71%;1,73%;108;DAYCOVAL;12/08/2026;;Telefone Receptivo;INSS;SIM;SIM;NAO;31/08/2026;NAO;28/08/2026;
FABIANA LUIZA PEREIRA;GUILHERME TOMÁS ANDRADE;999.000.038-00;(11) 90000-0038;42;PORTABILIDADE;658696244;INTEGRADO;PARANA; R$ 21.989,23 ; R$ 520,60 ; R$ -   ;0,00%;0,00%;0;SANTANDER;12/08/2026;19/08/2026;Telefone Receptivo;INSS;NAO;NAO;NAO;21/08/2026;NAO;12/08/2026;
FABIANA LUIZA PEREIRA;GUILHERME TOMÁS ANDRADE;999.000.038-00;(11) 90000-0038;42;REFIN DA PORTABILIDADE;858696256;INTEGRADO;PARANA; R$ 24.307,15 ; R$ 520,60 ; R$ 2.305,02 ;1,77%;1,79%;108;SANTANDER;12/08/2026;;Telefone Receptivo;INSS;SIM;SIM;NAO;25/08/2026;NAO;21/08/2026;
FABIANA LUIZA PEREIRA;GUILHERME TOMÁS ANDRADE;999.000.038-00;(11) 90000-0038;42;PORTABILIDADE;658696276;INTEGRADO;PARANA; R$ 10.308,13 ; R$ 221,92 ; R$ -   ;0,00%;0,00%;0;NUBANK;12/08/2026;19/08/2026;Telefone Receptivo;INSS;NAO;NAO;NAO;25/08/2026;NAO;12/08/2026;
FABIANA LUIZA PEREIRA;GUILHERME TOMÁS ANDRADE;999.000.038-00;(11) 90000-0038;42;REFIN DA PORTABILIDADE;858696283;INTEGRADO;PARANA; R$ 11.114,04 ; R$ 221,92 ; R$ 805,91 ;1,60%;1,61%;108;NUBANK;12/08/2026;;Telefone Receptivo;INSS;SIM;SIM;NAO;25/08/2026;NAO;25/08/2026;
FABIANA LUIZA PEREIRA;GUILHERME TOMÁS ANDRADE;999.000.038-00;(11) 90000-0038;42;PORTABILIDADE;658696260;INTEGRADO;PARANA; R$ 5.936,90 ; R$ 167,31 ; R$ -   ;0,00%;0,00%;0;INTER;12/08/2026;19/08/2026;Telefone Receptivo;INSS;NAO;NAO;NAO;24/08/2026;NAO;12/08/2026;
FABIANA LUIZA PEREIRA;GUILHERME TOMÁS ANDRADE;999.000.038-00;(11) 90000-0038;42;REFIN DA PORTABILIDADE;858696270;INTEGRADO;PARANA; R$ 8.001,37 ; R$ 167,31 ; R$ 2.061,12 ;1,70%;1,72%;108;INTER;12/08/2026;;Telefone Receptivo;INSS;SIM;SIM;NAO;25/08/2026;NAO;24/08/2026;
FABIANA LUIZA PEREIRA;HEITOR AUGUSTO BARROS ;999.000.039-00;(11) 90000-0039;41;PORTABILIDADE;658631593;INTEGRADO;PARANA; R$ 19.650,00 ; R$ 528,88 ; R$ -   ;0,00%;0,00%;0;PINE;24/07/2026;30/07/2026;Telefone Receptivo;INSS;NAO;NAO;NAO;03/08/2026;NAO;24/07/2026;
FABIANA LUIZA PEREIRA;LARISSA MIGUEL XAVIER;999.000.053-00;(11) 90000-0053;42;PORTABILIDADE;658613067;INTEGRADO;PARANA; R$ 23.264,06 ; R$ 568,00 ; R$ -   ;0,00%;0,00%;0;FACTA;17/07/2026;28/07/2026;Telefone Receptivo;INSS;NAO;NAO;NAO;03/08/2026;NAO;17/07/2026;
FABIANA LUIZA PEREIRA;MARCOS WILLIAM SANTANA;999.000.058-00;(11) 90000-0058;46;MARGEM;122767883;INTEGRADO;FACTA; R$ 2.650,41 ; R$ 59,43 ; R$ 2.650,41 ;1,85%;1,85%;108;;04/08/2026;;Telefone Receptivo;INSS;SIM;SIM;NAO;06/08/2026;NAO;04/08/2026;
FABIANA LUIZA PEREIRA;MARIANA WILLIAM LOPES ;999.000.059-00;(11) 90000-0059;21;PORTABILIDADE;658706383;SALDO PAGO;PARANA; R$ 12.607,27 ; R$ 375,74 ; R$ -   ;0,00%;0,00%;0;INBURSA;14/08/2026;24/08/2026;Telefone Receptivo;INSS;NAO;NAO;NAO;24/08/2026;NAO;14/08/2026;
FABIANA LUIZA PEREIRA;MATEUS RAFAEL SOARES;999.000.060-00;(11) 90000-0060;42;PORTABILIDADE;658668354;INTEGRADO;PARANA; R$ 47.446,93 ; R$ 1.128,70 ; R$ -   ;0,00%;0,00%;0;DAYCOVAL;04/08/2026;11/08/2026;Telefone Receptivo;INSS;NAO;NAO;NAO;13/08/2026;NAO;04/08/2026;
FABIANA LUIZA PEREIRA;MATEUS RAFAEL SOARES;999.000.060-00;(11) 90000-0060;42;REFIN DA PORTABILIDADE;858668378;INTEGRADO;PARANA; R$ 56.139,04 ; R$ 1.128,70 ; R$ 8.692,11 ;1,60%;1,61%;108;DAYCOVAL;04/08/2026;;Telefone Receptivo;INSS;SIM;SIM;NAO;13/08/2026;NAO;13/08/2026;
FABIANA LUIZA PEREIRA;MATEUS RAFAEL SOARES;999.000.060-00;(11) 90000-0060;42;PORTABILIDADE;658668385;INTEGRADO;PARANA; R$ 11.381,65 ; R$ 380,00 ; R$ -   ;0,00%;0,00%;0;SANTANDER;04/08/2026;11/08/2026;Telefone Receptivo;INSS;NAO;NAO;NAO;12/08/2026;NAO;04/08/2026;
FABIANA LUIZA PEREIRA;MATEUS RAFAEL SOARES;999.000.060-00;(11) 90000-0060;42;REFIN DA PORTABILIDADE;858668399;INTEGRADO;PARANA; R$ 17.031,41 ; R$ 380,00 ; R$ 5.649,76 ;1,85%;1,88%;108;SANTANDER;04/08/2026;;Telefone Receptivo;INSS;SIM;SIM;NAO;13/08/2026;NAO;12/08/2026;
FABIANA LUIZA PEREIRA;MONICA DANIEL MENDES ;999.000.061-00;(11) 90000-0061;42;PORTABILIDADE;658678548;INTEGRADO;PARANA; R$ 40.258,63 ; R$ 1.025,83 ; R$ -   ;0,00%;0,00%;0;INBURSA;06/08/2026;13/08/2026;Telefone Receptivo;INSS;NAO;NAO;NAO;18/08/2026;NAO;06/08/2026;
FABIANA LUIZA PEREIRA;MONICA DANIEL MENDES ;999.000.061-00;(11) 90000-0061;42;REFIN DA PORTABILIDADE;858678574;INTEGRADO;PARANA; R$ 50.971,13 ; R$ 1.025,52 ; R$ 10.712,50 ;1,60%;1,62%;108;INBURSA;06/08/2026;;Telefone Receptivo;INSS;SIM;SIM;NAO;19/08/2026;NAO;18/08/2026;
FABIANA LUIZA PEREIRA;MONICA DANIEL MENDES ;999.000.061-00;(11) 90000-0061;42;PORTABILIDADE;658709283;INTEGRADO;PARANA; R$ 8.890,15 ; R$ 244,35 ; R$ -   ;0,00%;0,00%;0;BRADESCO;07/08/2026;24/08/2026;Telefone Receptivo;INSS;NAO;NAO;NAO;27/08/2026;NAO;07/08/2026;
FABIANA LUIZA PEREIRA;MONICA DANIEL MENDES ;999.000.061-00;(11) 90000-0061;42;REFIN DA PORTABILIDADE;858709289;INTEGRADO;PARANA; R$ 12.193,46 ; R$ 244,35 ; R$ 3.280,28 ;1,60%;1,62%;108;BRADESCO;07/08/2026;;Telefone Receptivo;INSS;SIM;SIM;NAO;27/08/2026;NAO;27/08/2026;
FABIANA LUIZA PEREIRA;NATALIA EDUARDO PACHECO ;999.000.062-00;(11) 90000-0062;42;PORTABILIDADE;658632489;INTEGRADO;PARANA; R$ 16.943,44 ; R$ 409,89 ; R$ -   ;0,00%;0,00%;0;;16/07/2026;31/07/2026;Telefone Receptivo;INSS;NAO;NAO;NAO;04/08/2026;NAO;16/07/2026;
FABIANA LUIZA PEREIRA;NICOLAS BENEDITO TORRES ;999.000.063-00;(11) 90000-0063;42;PORTABILIDADE;658653403;INTEGRADO;PARANA; R$ -   ; R$ 140,75 ; R$ -   ;0,00%;0,00%;0;FACTA;24/07/2026;06/08/2026;Telefone Receptivo;INSS;NAO;NAO;NAO;12/08/2026;NAO;24/07/2026;
FABIANA LUIZA PEREIRA;NICOLAS BENEDITO TORRES ;999.000.063-00;(11) 90000-0063;42;REFIN DA PORTABILIDADE;858653414;INTEGRADO;PARANA; R$ 6.972,14 ; R$ 140,75 ; R$ 1.386,89 ;1,60%;1,62%;108;FACTA;24/07/2026;;Telefone Receptivo;INSS;SIM;SIM;NAO;17/08/2026;NAO;12/08/2026;
FABIANA LUIZA PEREIRA;OSCAR FERNANDO CAVALCANTI ;999.000.066-00;(11) 90000-0066;42;PORTABILIDADE;658640860;INTEGRADO;PARANA; R$ 34.083,00 ; R$ 794,12 ; R$ -   ;0,00%;0,00%;0;DIGIO;20/07/2026;24/07/2026;Telefone Receptivo;INSS;NAO;NAO;NAO;06/08/2026;NAO;20/07/2026;
FABIANA LUIZA PEREIRA;OSCAR FERNANDO CAVALCANTI ;999.000.066-00;(11) 90000-0066;42;PORTABILIDADE;1627663;INTEGRADO;FINANTO; R$ 2.245,61 ; R$ 60,25 ; R$ -   ;0,00%;0,00%;0;SANTANDER;19/08/2026;26/08/2026;Telefone Receptivo;INSS;NAO;NAO;NAO;31/08/2026;NAO;19/08/2026;
FABIANA LUIZA PEREIRA;OSCAR FERNANDO CAVALCANTI ;999.000.066-00;(11) 90000-0066;42;REFIN DA PORTABILIDADE;1627664;AGUARDANDO ORG;FINANTO; R$ 2.731,87 ; R$ 60,24 ; R$ 511,69 ;1,85%;1,89%;108;SANTANDER;19/08/2026;;Telefone Receptivo;INSS;NAO;NAO;NAO;31/08/2026;NAO;31/08/2026;
FABIANA LUIZA PEREIRA;RAFAELA WILLIAM DUARTE ;999.000.071-00;(11) 90000-0071;42;PORTABILIDADE;1621639;INTEGRADO;FINANTO; R$ 2.266,44 ; R$ 96,87 ; R$ -   ;0,00%;0,00%;0;CAIXA ECONÔMICA FEDERAL;17/08/2026;25/08/2026;Telefone Receptivo;INSS;NAO;NAO;NAO;27/08/2026;NAO;17/08/2026;
FABIANA LUIZA PEREIRA;RAFAELA WILLIAM DUARTE ;999.000.071-00;(11) 90000-0071;42;REFIN DA PORTABILIDADE;1621640;INTEGRADO;FINANTO; R$ 4.219,77 ; R$ 96,86 ; R$ 1.881,74 ;1,85%;1,92%;96;CAIXA ECONÔMICA FEDERAL;17/08/2026;;Telefone Receptivo;INSS;SIM;SIM;SIM;27/08/2026;NAO;27/08/2026;
FABIANA LUIZA PEREIRA;RAFAELA WILLIAM DUARTE ;999.000.071-00;(11) 90000-0071;42;PORTABILIDADE;1621635;SALDO PAGO;FINANTO; R$ 2.736,48 ; R$ 95,00 ; R$ -   ;0,00%;0,00%;0;C6 BANK;17/08/2026;25/08/2026;Telefone Receptivo;INSS;NAO;NAO;NAO;25/08/2026;NAO;17/08/2026;
FABIANA LUIZA PEREIRA;THALES DANIEL MIRANDA;999.000.080-00;(11) 90000-0080;42;PORTABILIDADE;658627894;INTEGRADO;PARANA; R$ 53.016,90 ; R$ 1.282,53 ; R$ -   ;0,00%;0,00%;0;SAFRA;24/07/2026;30/07/2026;Telefone Receptivo;INSS;NAO;NAO;NAO;03/08/2026;NAO;24/07/2026;
FABIANA LUIZA PEREIRA;THALES DANIEL MIRANDA;999.000.080-00;(11) 90000-0080;42;PORTABILIDADE;658627908;INTEGRADO;PARANA; R$ 3.043,80 ; R$ 162,79 ; R$ -   ;0,00%;0,00%;0;PAN;24/07/2026;30/07/2026;Telefone Receptivo;INSS;NAO;NAO;NAO;03/08/2026;NAO;24/07/2026;
FABIANA LUIZA PEREIRA;THALES DANIEL MIRANDA;999.000.080-00;(11) 90000-0080;42;PORTABILIDADE;1578776;INTEGRADO;FINANTO; R$ 1.798,39 ; R$ 103,60 ; R$ -   ;0,00%;0,00%;0;PAN;24/07/2026;30/07/2026;Telefone Receptivo;INSS;NAO;NAO;NAO;03/08/2026;NAO;24/07/2026;
FABIANA LUIZA PEREIRA;VALENTINA WILLIAM BATISTA;999.000.083-00;(11) 90000-0083;57;PORTABILIDADE;1624597;INTEGRADO;FINANTO; R$ 1.073,20 ; R$ 52,05 ; R$ -   ;0,00%;0,00%;0;SANTANDER;18/08/2026;25/08/2026;Telefone Receptivo;INSS;NAO;NAO;NAO;27/08/2026;NAO;18/08/2026;
FABIANA LUIZA PEREIRA;VALENTINA WILLIAM BATISTA;999.000.083-00;(11) 90000-0083;57;REFIN DA PORTABILIDADE;1624598;AGUARDANDO ORG;FINANTO; R$ 2.357,12 ; R$ 52,05 ; R$ 1.230,69 ;1,85%;1,92%;108;SANTANDER;18/08/2026;;Telefone Receptivo;INSS;NAO;NAO;NAO;27/08/2026;NAO;27/08/2026;
FABIANA LUIZA PEREIRA;WESLEY CAETANO TEIXEIRA ;999.000.088-00;(11) 90000-0088;42;PORTABILIDADE;658664464;INTEGRADO;PARANA; R$ 42.791,68 ; R$ 1.055,00 ; R$ -   ;0,00%;0,00%;0;PAN;04/08/2026;11/08/2026;Telefone Receptivo;INSS;NAO;NAO;NAO;17/08/2026;NAO;04/08/2026;
FABIANA LUIZA PEREIRA;WESLEY CAETANO TEIXEIRA ;999.000.088-00;(11) 90000-0088;42;REFIN DA PORTABILIDADE;858664478;INTEGRADO;PARANA; R$ 47.289,66 ; R$ 1.055,00 ; R$ 4.497,98 ;1,60%;1,61%;84;PAN;04/08/2026;;Telefone Receptivo;INSS;SIM;SIM;NAO;18/08/2026;NAO;17/08/2026;
FABIANA LUIZA PEREIRA;WESLEY CAETANO TEIXEIRA ;999.000.088-00;(11) 90000-0088;42;PORTABILIDADE;658664501;INTEGRADO;PARANA; R$ 15.327,11 ; R$ 525,72 ; R$ -   ;0,00%;0,00%;0;INBURSA;04/08/2026;11/08/2026;Telefone Receptivo;INSS;NAO;NAO;NAO;18/08/2026;NAO;04/08/2026;
FABIANA LUIZA PEREIRA;WESLEY CAETANO TEIXEIRA ;999.000.088-00;(11) 90000-0088;42;REFIN DA PORTABILIDADE;858664509;INTEGRADO;PARANA; R$ 23.379,35 ; R$ 525,72 ; R$ 8.052,24 ;1,60%;1,63%;84;INBURSA;04/08/2026;;Telefone Receptivo;INSS;SIM;SIM;NAO;18/08/2026;NAO;18/08/2026;
FABIANA LUIZA PEREIRA;WESLEY CAETANO TEIXEIRA ;999.000.088-00;(11) 90000-0088;42;PORTABILIDADE;658664481;INTEGRADO;PARANA; R$ 12.741,73 ; R$ 372,26 ; R$ -   ;0,00%;0,00%;0;INBURSA;04/08/2026;11/08/2026;Telefone Receptivo;INSS;NAO;NAO;NAO;14/08/2026;NAO;04/08/2026;
FABIANA LUIZA PEREIRA;WESLEY CAETANO TEIXEIRA ;999.000.088-00;(11) 90000-0088;42;REFIN DA PORTABILIDADE;858664493;INTEGRADO;PARANA; R$ 16.613,47 ; R$ 372,26 ; R$ 3.871,74 ;1,60%;1,62%;84;INBURSA;04/08/2026;;Telefone Receptivo;INSS;SIM;SIM;NAO;18/08/2026;NAO;14/08/2026;
FABIANA LUIZA PEREIRA;YAGO ANDRÉ XAVIER;999.000.089-00;(11) 90000-0089;42;PORTABILIDADE;658717468;INTEGRADO;PARANA; R$ 45.840,68 ; R$ 1.091,88 ; R$ -   ;0,00%;0,00%;0;SANTANDER;18/08/2026;25/08/2026;Telefone Receptivo;INSS;NAO;NAO;NAO;26/08/2026;NAO;18/08/2026;
FABIANA LUIZA PEREIRA;YAGO ANDRÉ XAVIER;999.000.089-00;(11) 90000-0089;42;REFIN DA PORTABILIDADE;858717478;INTEGRADO;PARANA; R$ 51.252,56 ; R$ 1.091,88 ; R$ 4.970,85 ;1,77%;1,78%;108;SANTANDER;18/08/2026;;Telefone Receptivo;INSS;SIM;SIM;NAO;26/08/2026;NAO;26/08/2026;